{"StochasticContinousFTGAgent_0.5_2_0.7_0.03_0.1_5.0_0.3_0.5": {"mean": 33.17209278524996, "std": 12.310083242788174}, "StochasticContinousFTGAgent_0.6_2_0.8_0.03_0.1_5.0_0.3_0.5": {"mean": 38.094481099719715, "std": 15.385562717360916}, "StochasticContinousFTGAgent_0.8_2_0.7_0.03_0.1_5.0_0.3_0.5": {"mean": 27.082823999909124, "std": 12.057126248533107}, "StochasticContinousFTGAgent_1.0_1_0.2_0.03_0.1_5.0_0.3_0.5": {"mean": 32.647839826944974, "std": 2.8393598089383016}, "pure_pursuit2_0.44_0.3_raceline1_0.3_0.5": {"mean": 22.402832953376873, "std": 5.335969694811711}, "pure_pursuit2_0.44_0.85_raceline1_0.3_0.5": {"mean": 29.658872354646522, "std": 7.824027871624933}, "pure_pursuit2_0.4_0.3_raceline4_0.3_0.5": {"mean": 10.173254904763276, "std": 4.688959957431686}, "pure_pursuit2_0.52_0.9_raceline4_0.3_0.5": {"mean": 26.493292115880806, "std": 10.021379924457865}, "pure_pursuit2_0.65_1.2_centerline_0.3_0.5": {"mean": 34.93824120378105, "std": 7.896307893474792}, "pure_pursuit2_0.68_1.1_raceline8_0.3_0.5": {"mean": 34.446151781587034, "std": 7.697464008488122}, "pure_pursuit2_0.6_1.0_raceline2_0.3_0.5": {"mean": 33.46492605132674, "std": 6.622753160320884}, "pure_pursuit2_0.73_0.95_centerline_0.3_0.5": {"mean": 34.57398543500352, "std": 9.620779642007275}, "pure_pursuit2_0.73_0.95_raceline4_0.3_0.5": {"mean": 34.39785819388838, "std": 8.258605506907536}, "pure_pursuit2_0.7_0.9_raceline8_0.3_0.5": {"mean": 23.51358133438137, "std": 14.43161893203892}, "pure_pursuit2_0.8_0.95_raceline3_0.3_0.5": {"mean": 31.127608719220824, "std": 10.25426402644635}, "pure_pursuit2_0.8_1.25_raceline8_0.3_0.5": {"mean": 28.487980203351484, "std": 12.411390736619914}}