{"spearman_corr": 0.6617647058823529, "p_value": 0.005233753301327506, "abs": 4.351016612649557, "abs_std": 6.127570140079729}