{"spearman_corr": 0.788235294117647, "p_value": 0.0002864656823918493, "abs": 12.396350210631201, "abs_std": 5.958844250147959}