{"StochasticContinousFTGAgent_0.5_2_0.7_0.03_0.1_5.0_0.3_0.5": {"mean": 25.43754450861662, "std": 14.172989341948597}, "StochasticContinousFTGAgent_0.6_2_0.8_0.03_0.1_5.0_0.3_0.5": {"mean": 31.788038705697875, "std": 17.38634261061436}, "StochasticContinousFTGAgent_0.8_2_0.7_0.03_0.1_5.0_0.3_0.5": {"mean": 22.85107329368836, "std": 13.75909215188498}, "StochasticContinousFTGAgent_1.0_1_0.2_0.03_0.1_5.0_0.3_0.5": {"mean": 18.55007930725202, "std": 9.117970041109713}, "pure_pursuit2_0.44_0.3_raceline1_0.3_0.5": {"mean": 19.255113009418483, "std": 9.139215019757572}, "pure_pursuit2_0.44_0.85_raceline1_0.3_0.5": {"mean": 25.239667126348373, "std": 10.042767519791074}, "pure_pursuit2_0.4_0.3_raceline4_0.3_0.5": {"mean": 14.64004357491635, "std": 7.69645979786538}, "pure_pursuit2_0.52_0.9_raceline4_0.3_0.5": {"mean": 21.04472001225949, "std": 9.128114581242768}, "pure_pursuit2_0.65_1.2_centerline_0.3_0.5": {"mean": 22.164497299082324, "std": 9.908987702597102}, "pure_pursuit2_0.68_1.1_raceline8_0.3_0.5": {"mean": 21.75917628307851, "std": 10.763309333438281}, "pure_pursuit2_0.6_1.0_raceline2_0.3_0.5": {"mean": 21.859687980813195, "std": 9.8690185306376}, "pure_pursuit2_0.73_0.95_centerline_0.3_0.5": {"mean": 21.792263962960096, "std": 11.750123173697359}, "pure_pursuit2_0.73_0.95_raceline4_0.3_0.5": {"mean": 19.572231523732473, "std": 7.765166846653685}, "pure_pursuit2_0.7_0.9_raceline8_0.3_0.5": {"mean": 18.11824762125355, "std": 10.2207579215671}, "pure_pursuit2_0.8_0.95_raceline3_0.3_0.5": {"mean": 22.62761928074459, "std": 11.386941441252926}, "pure_pursuit2_0.8_1.25_raceline8_0.3_0.5": {"mean": 19.25048190546306, "std": 10.373335233065152}}