{"spearman_corr": 0.36470588235294116, "p_value": 0.16486839724475402, "abs": 11.726340114281923, "abs_std": 9.298618558390007}