{"StochasticContinousFTGAgent_0.5_2_0.7_0.03_0.1_5.0_0.3_0.5": {"mean": 17.07989085773434, "std": 11.18785555287901}, "StochasticContinousFTGAgent_0.6_2_0.8_0.03_0.1_5.0_0.3_0.5": {"mean": 20.58281905418719, "std": 12.70517562446741}, "StochasticContinousFTGAgent_0.8_2_0.7_0.03_0.1_5.0_0.3_0.5": {"mean": 23.725439422921703, "std": 14.649717165731756}, "StochasticContinousFTGAgent_1.0_1_0.2_0.03_0.1_5.0_0.3_0.5": {"mean": 18.19572695147871, "std": 9.324210240699138}, "pure_pursuit2_0.44_0.3_raceline1_0.3_0.5": {"mean": 13.914649364831535, "std": 6.820903680169013}, "pure_pursuit2_0.44_0.85_raceline1_0.3_0.5": {"mean": 15.238724319797056, "std": 11.284463101275342}, "pure_pursuit2_0.4_0.3_raceline4_0.3_0.5": {"mean": 10.432781919634035, "std": 6.248992438611293}, "pure_pursuit2_0.52_0.9_raceline4_0.3_0.5": {"mean": 16.833699813662037, "std": 9.151120471648216}, "pure_pursuit2_0.65_1.2_centerline_0.3_0.5": {"mean": 24.52713305827789, "std": 11.383604701479323}, "pure_pursuit2_0.68_1.1_raceline8_0.3_0.5": {"mean": 27.305176074251488, "std": 11.59336122627995}, "pure_pursuit2_0.6_1.0_raceline2_0.3_0.5": {"mean": 25.764431844313993, "std": 10.930716566385382}, "pure_pursuit2_0.73_0.95_centerline_0.3_0.5": {"mean": 29.30775688759588, "std": 10.604273300128797}, "pure_pursuit2_0.73_0.95_raceline4_0.3_0.5": {"mean": 26.827729997886525, "std": 8.493201065292856}, "pure_pursuit2_0.7_0.9_raceline8_0.3_0.5": {"mean": 23.516549442599477, "std": 10.977450705582145}, "pure_pursuit2_0.8_0.95_raceline3_0.3_0.5": {"mean": 32.21820086038435, "std": 12.19284239219035}, "pure_pursuit2_0.8_1.25_raceline8_0.3_0.5": {"mean": 31.199937067357602, "std": 14.946037285994057}}