{"spearman_corr": 0.22647058823529412, "p_value": 0.3989829266412891, "abs": 22.980493759587013, "abs_std": 8.175328550432702}