{"StochasticContinousFTGAgent_0.5_2_0.7_0.03_0.1_5.0_0.3_0.5": {"mean": 12.405403560216696, "std": 10.793979510386743}, "StochasticContinousFTGAgent_0.6_2_0.8_0.03_0.1_5.0_0.3_0.5": {"mean": 9.775548473531403, "std": 9.647245141924516}, "StochasticContinousFTGAgent_0.8_2_0.7_0.03_0.1_5.0_0.3_0.5": {"mean": 10.324606545153934, "std": 8.905615605538095}, "StochasticContinousFTGAgent_1.0_1_0.2_0.03_0.1_5.0_0.3_0.5": {"mean": 8.945868863262136, "std": 7.329401706114574}, "pure_pursuit2_0.44_0.3_raceline1_0.3_0.5": {"mean": 12.623571994320994, "std": 10.144470998642754}, "pure_pursuit2_0.44_0.85_raceline1_0.3_0.5": {"mean": 10.172702691180447, "std": 8.507962333411532}, "pure_pursuit2_0.4_0.3_raceline4_0.3_0.5": {"mean": 6.6055601226373035, "std": 5.180980855340094}, "pure_pursuit2_0.52_0.9_raceline4_0.3_0.5": {"mean": 12.431951591135455, "std": 12.121620421591086}, "pure_pursuit2_0.65_1.2_centerline_0.3_0.5": {"mean": 11.651391765362137, "std": 8.565376996438761}, "pure_pursuit2_0.68_1.1_raceline8_0.3_0.5": {"mean": 10.801118894020158, "std": 7.825088917880401}, "pure_pursuit2_0.6_1.0_raceline2_0.3_0.5": {"mean": 10.998547495429436, "std": 8.910790797118622}, "pure_pursuit2_0.73_0.95_centerline_0.3_0.5": {"mean": 11.896095245781488, "std": 9.04122193025774}, "pure_pursuit2_0.73_0.95_raceline4_0.3_0.5": {"mean": 18.43969626342676, "std": 11.961739419602445}, "pure_pursuit2_0.7_0.9_raceline8_0.3_0.5": {"mean": 8.787862313352717, "std": 6.438340074357373}, "pure_pursuit2_0.8_0.95_raceline3_0.3_0.5": {"mean": 9.917679037169684, "std": 8.042574024143155}, "pure_pursuit2_0.8_1.25_raceline8_0.3_0.5": {"mean": 10.826583756051585, "std": 8.312410884398043}}