{"StochasticContinousFTGAgent_0.5_2_0.7_0.03_0.1_5.0_0.3_0.5": {"mean": 15.037760585302, "std": 11.58698056770588}, "StochasticContinousFTGAgent_0.6_2_0.8_0.03_0.1_5.0_0.3_0.5": {"mean": 11.503124529744824, "std": 10.775659090156848}, "StochasticContinousFTGAgent_0.8_2_0.7_0.03_0.1_5.0_0.3_0.5": {"mean": 15.057413079691436, "std": 11.004130729229443}, "StochasticContinousFTGAgent_1.0_1_0.2_0.03_0.1_5.0_0.3_0.5": {"mean": 11.160327346958468, "std": 7.437879706209445}, "pure_pursuit2_0.44_0.3_raceline1_0.3_0.5": {"mean": 10.657966740322884, "std": 7.83090348885125}, "pure_pursuit2_0.44_0.85_raceline1_0.3_0.5": {"mean": 12.107983119745093, "std": 10.20285722615915}, "pure_pursuit2_0.4_0.3_raceline4_0.3_0.5": {"mean": 8.291559639099695, "std": 6.5998185580592805}, "pure_pursuit2_0.52_0.9_raceline4_0.3_0.5": {"mean": 11.899674939221994, "std": 9.138728179931487}, "pure_pursuit2_0.65_1.2_centerline_0.3_0.5": {"mean": 7.992843811246896, "std": 7.61749652455742}, "pure_pursuit2_0.68_1.1_raceline8_0.3_0.5": {"mean": 11.474382620061263, "std": 6.7544292497135885}, "pure_pursuit2_0.6_1.0_raceline2_0.3_0.5": {"mean": 9.238500869273333, "std": 7.159975712720463}, "pure_pursuit2_0.73_0.95_centerline_0.3_0.5": {"mean": 11.58166049484219, "std": 7.614934215221768}, "pure_pursuit2_0.73_0.95_raceline4_0.3_0.5": {"mean": 13.862028577322212, "std": 10.249780949750184}, "pure_pursuit2_0.7_0.9_raceline8_0.3_0.5": {"mean": 11.435327332794234, "std": 5.878395329482358}, "pure_pursuit2_0.8_0.95_raceline3_0.3_0.5": {"mean": 11.45159852321307, "std": 7.175299942865937}, "pure_pursuit2_0.8_1.25_raceline8_0.3_0.5": {"mean": 13.11627620185135, "std": 6.519632978034063}}