{"spearman_corr": 0.4911764705882353, "p_value": 0.053350435677943356, "abs": 22.40147877217085, "abs_std": 7.863802481292763}