{"StochasticContinousFTGAgent_0.5_2_0.7_0.03_0.1_5.0_0.3_0.5": {"mean": 19.238836463074428, "std": 10.23810888180875}, "StochasticContinousFTGAgent_0.6_2_0.8_0.03_0.1_5.0_0.3_0.5": {"mean": 20.49339174432974, "std": 10.85579961891586}, "StochasticContinousFTGAgent_0.8_2_0.7_0.03_0.1_5.0_0.3_0.5": {"mean": 18.1567097544801, "std": 11.372001803810722}, "StochasticContinousFTGAgent_1.0_1_0.2_0.03_0.1_5.0_0.3_0.5": {"mean": 15.517092829850212, "std": 7.137961846092972}, "pure_pursuit2_0.44_0.3_raceline1_0.3_0.5": {"mean": 20.690321216757876, "std": 10.818910902997882}, "pure_pursuit2_0.44_0.85_raceline1_0.3_0.5": {"mean": 27.158832817970964, "std": 12.096148131717447}, "pure_pursuit2_0.4_0.3_raceline4_0.3_0.5": {"mean": 15.117873107312999, "std": 7.807449911950215}, "pure_pursuit2_0.52_0.9_raceline4_0.3_0.5": {"mean": 21.125703026780766, "std": 10.03969742492522}, "pure_pursuit2_0.65_1.2_centerline_0.3_0.5": {"mean": 21.090291001810684, "std": 9.010383081285024}, "pure_pursuit2_0.68_1.1_raceline8_0.3_0.5": {"mean": 21.063721023828112, "std": 10.02691184909452}, "pure_pursuit2_0.6_1.0_raceline2_0.3_0.5": {"mean": 21.310701809486865, "std": 10.380615960017519}, "pure_pursuit2_0.73_0.95_centerline_0.3_0.5": {"mean": 21.955226773394006, "std": 9.997696088291441}, "pure_pursuit2_0.73_0.95_raceline4_0.3_0.5": {"mean": 23.42706746091931, "std": 8.990695351649496}, "pure_pursuit2_0.7_0.9_raceline8_0.3_0.5": {"mean": 16.29601045831661, "std": 9.611660354342513}, "pure_pursuit2_0.8_0.95_raceline3_0.3_0.5": {"mean": 22.890786287736546, "std": 10.01172445290329}, "pure_pursuit2_0.8_1.25_raceline8_0.3_0.5": {"mean": 19.639664545038308, "std": 9.330193726148547}}