{"spearman_corr": 0.29705882352941176, "p_value": 0.2638630146135225, "abs": 13.694991152771067, "abs_std": 8.325167213812932}