{"pure_pursuit2_0.6_1.0_raceline2_0.3_0.5": {"mean": 29.840108130503236, "std": 7.921180815388838}, "pure_pursuit2_0.7_0.9_raceline8_0.3_0.5": {"mean": 29.263352985240523, "std": 15.621498144277197}, "pure_pursuit2_0.8_0.95_raceline3_0.3_0.5": {"mean": 28.77079444048039, "std": 11.683071843596519}, "pure_pursuit2_0.44_0.85_raceline1_0.3_0.5": {"mean": 32.471708099610304, "std": 3.633763887224064}, "pure_pursuit2_0.52_0.9_raceline4_0.3_0.5": {"mean": 33.424947723489815, "std": 4.0051136908376215}, "pure_pursuit2_0.65_1.2_centerline_0.3_0.5": {"mean": 29.288661122036416, "std": 9.52889842225594}, "pure_pursuit2_0.68_1.1_raceline8_0.3_0.5": {"mean": 33.22518165242713, "std": 10.157818553266226}, "pure_pursuit2_0.73_0.95_centerline_0.3_0.5": {"mean": 31.561749898677228, "std": 10.975395027960365}, "pure_pursuit2_0.73_0.95_raceline4_0.3_0.5": {"mean": 42.06178755463371, "std": 4.383662221032913}, "StochasticContinousFTGAgent_0.5_2_0.7_0.03_0.1_5.0_0.3_0.5": {"mean": 43.7842480004646, "std": 19.33030845968987}, "StochasticContinousFTGAgent_0.6_2_0.8_0.03_0.1_5.0_0.3_0.5": {"mean": 47.097346235253454, "std": 17.175402923746663}, "StochasticContinousFTGAgent_0.8_2_0.7_0.03_0.1_5.0_0.3_0.5": {"mean": 43.7831010120826, "std": 14.99011868538952}, "StochasticContinousFTGAgent_1.0_1_0.2_0.03_0.1_5.0_0.3_0.5": {"mean": 23.091991427709065, "std": 11.850111089649713}, "pure_pursuit2_0.4_0.3_raceline4_0.3_0.5": {"mean": 14.605155193649283, "std": 7.84812582642311}, "pure_pursuit2_0.44_0.3_raceline1_0.3_0.5": {"mean": 19.715696302437618, "std": 9.088821521164162}}