{"StochasticContinousFTGAgent_0.6_2_0.8_0.03_0.1_5.0_0.3_0.5": {"mean": 33.96520083959847, "std": 8.897711353558604}, "StochasticContinousFTGAgent_0.5_2_0.7_0.03_0.1_5.0_0.3_0.5": {"mean": 28.2935145829225, "std": 9.088934279926754}, "StochasticContinousFTGAgent_0.8_2_0.7_0.03_0.1_5.0_0.3_0.5": {"mean": 38.459187644580936, "std": 10.343179449310528}, "pure_pursuit2_0.73_0.95_raceline4_0.3_0.5": {"mean": 42.577436254331566, "std": 5.841775115439973}, "pure_pursuit2_0.68_1.1_raceline8_0.3_0.5": {"mean": 45.020125379377205, "std": 15.450324811375243}, "pure_pursuit2_0.52_0.9_raceline4_0.3_0.5": {"mean": 45.995040954644786, "std": 6.403806269474836}, "pure_pursuit2_0.73_0.95_centerline_0.3_0.5": {"mean": 39.55848910827578, "std": 14.454679896577067}, "pure_pursuit2_0.8_0.95_raceline3_0.3_0.5": {"mean": 36.51194709797801, "std": 13.971399483853759}, "pure_pursuit2_0.44_0.85_raceline1_0.3_0.5": {"mean": 56.51089016000764, "std": 6.748702386842367}, "pure_pursuit2_0.7_0.9_raceline8_0.3_0.5": {"mean": 33.86939949087447, "std": 18.22402960191891}, "pure_pursuit2_0.6_1.0_raceline2_0.3_0.5": {"mean": 47.68543912736322, "std": 15.676655177906907}, "pure_pursuit2_0.65_1.2_centerline_0.3_0.5": {"mean": 45.89257002834475, "std": 14.589525410498604}, "StochasticContinousFTGAgent_1.0_1_0.2_0.03_0.1_5.0_0.3_0.5": {"mean": 35.10797142214613, "std": 10.740466910276124}, "pure_pursuit2_0.44_0.3_raceline1_0.3_0.5": {"mean": 12.877522611392681, "std": 4.194652184086474}, "pure_pursuit2_0.4_0.3_raceline4_0.3_0.5": {"mean": 11.388241120075595, "std": 4.127436044059687}}