{"StochasticContinousFTGAgent_0.6_2_0.8_0.03_0.1_5.0_0.3_0.5": {"mean": 47.91719945187788, "std": 15.634342578449786}, "StochasticContinousFTGAgent_0.5_2_0.7_0.03_0.1_5.0_0.3_0.5": {"mean": 45.99298681306151, "std": 18.33021271465822}, "StochasticContinousFTGAgent_0.8_2_0.7_0.03_0.1_5.0_0.3_0.5": {"mean": 40.76111783540698, "std": 13.561185602941952}, "pure_pursuit2_0.73_0.95_raceline4_0.3_0.5": {"mean": 39.41062928268589, "std": 2.8610687179787413}, "pure_pursuit2_0.68_1.1_raceline8_0.3_0.5": {"mean": 34.57032299281447, "std": 8.477546875566336}, "pure_pursuit2_0.52_0.9_raceline4_0.3_0.5": {"mean": 32.43269463375078, "std": 2.7039849563548572}, "pure_pursuit2_0.73_0.95_centerline_0.3_0.5": {"mean": 31.456568611136657, "std": 9.154546426437694}, "pure_pursuit2_0.8_0.95_raceline3_0.3_0.5": {"mean": 30.96796087192776, "std": 10.656532299283164}, "pure_pursuit2_0.44_0.85_raceline1_0.3_0.5": {"mean": 30.863243194476002, "std": 2.475157030052208}, "pure_pursuit2_0.7_0.9_raceline8_0.3_0.5": {"mean": 30.160613314052913, "std": 14.015402908433865}, "pure_pursuit2_0.6_1.0_raceline2_0.3_0.5": {"mean": 28.298358706943205, "std": 7.9571424747199195}, "pure_pursuit2_0.65_1.2_centerline_0.3_0.5": {"mean": 27.751920518290866, "std": 8.735093034959942}, "StochasticContinousFTGAgent_1.0_1_0.2_0.03_0.1_5.0_0.3_0.5": {"mean": 26.026499797710386, "std": 11.352535175989503}, "pure_pursuit2_0.44_0.3_raceline1_0.3_0.5": {"mean": 22.148355129789234, "std": 6.98025886000819}, "pure_pursuit2_0.4_0.3_raceline4_0.3_0.5": {"mean": 17.98715355804094, "std": 6.860105845556752}}