{"StochasticContinousFTGAgent_0.6_2_0.8_0.03_0.1_5.0_0.3_0.5": {"mean": 81.20909907133236, "std": 17.857509996590778}, "StochasticContinousFTGAgent_0.5_2_0.7_0.03_0.1_5.0_0.3_0.5": {"mean": 72.41811358809166, "std": 22.485001241953487}, "StochasticContinousFTGAgent_0.8_2_0.7_0.03_0.1_5.0_0.3_0.5": {"mean": 83.04791763829807, "std": 19.560395430428006}, "pure_pursuit2_0.73_0.95_raceline4_0.3_0.5": {"mean": 90.85989848081826, "std": 3.557790036192206}, "pure_pursuit2_0.68_1.1_raceline8_0.3_0.5": {"mean": 82.22274383082713, "std": 19.657436980797566}, "pure_pursuit2_0.52_0.9_raceline4_0.3_0.5": {"mean": 91.8122710947291, "std": 1.4210854715202004e-14}, "pure_pursuit2_0.73_0.95_centerline_0.3_0.5": {"mean": 71.65550626491103, "std": 17.064299851342053}, "pure_pursuit2_0.8_0.95_raceline3_0.3_0.5": {"mean": 66.22824201422624, "std": 17.261817037388226}, "pure_pursuit2_0.44_0.85_raceline1_0.3_0.5": {"mean": 91.8122710947291, "std": 1.4210854715202004e-14}, "pure_pursuit2_0.7_0.9_raceline8_0.3_0.5": {"mean": 72.64873049055277, "std": 29.554814931821515}, "pure_pursuit2_0.6_1.0_raceline2_0.3_0.5": {"mean": 77.19552826134114, "std": 17.510971925906972}, "pure_pursuit2_0.65_1.2_centerline_0.3_0.5": {"mean": 70.57991731070679, "std": 17.301593590159833}, "StochasticContinousFTGAgent_1.0_1_0.2_0.03_0.1_5.0_0.3_0.5": {"mean": 73.5811342018282, "std": 21.34575724684846}, "pure_pursuit2_0.44_0.3_raceline1_0.3_0.5": {"mean": 66.53226009637, "std": 19.868886668851964}, "pure_pursuit2_0.4_0.3_raceline4_0.3_0.5": {"mean": 64.78618478961349, "std": 19.05373097372908}}