{"StochasticContinousFTGAgent_0.45_3_0.5_0.03_0.1_5.0_0.3_0.5": {"mean": 43.92057464267476, "std": 17.718965839870545}, "StochasticContinousFTGAgent_0.48_7_0.5_0.03_0.1_5.0_0.3_0.5": {"mean": 39.33173257301483, "std": 6.2014524861505835}, "StochasticContinousFTGAgent_0.4_5_0.5_0.03_0.1_5.0_0.3_0.5": {"mean": 35.961122476018105, "std": 10.614843924198944}, "StochasticContinousFTGAgent_0.55_10_0.5_0.03_0.1_5.0_0.3_0.5": {"mean": 12.213515655386733, "std": 5.975696087535183}, "StochasticContinousFTGAgent_0.55_3_0.5_0.03_0.1_5.0_0.3_0.5": {"mean": 55.27671584864281, "std": 3.22981859360565}, "StochasticContinousFTGAgent_0.5_2_0.7_0.03_0.1_5.0_0.3_0.5": {"mean": 51.50404192251542, "std": 14.302065641939036}, "StochasticContinousFTGAgent_0.6_2_0.8_0.03_0.1_5.0_0.3_0.5": {"mean": 53.18344516425974, "std": 10.229418282156443}, "StochasticContinousFTGAgent_0.7_5_0.5_0.02_0.1_5.0_0.3_0.5": {"mean": 47.391933287052396, "std": 1.2592901518641533}, "StochasticContinousFTGAgent_0.7_5_0.5_0.03_0.1_5.0_0.3_0.5": {"mean": 46.43587128988416, "std": 2.6000814795986855}, "StochasticContinousFTGAgent_0.85_5_0.5_0.03_0.1_5.0_0.3_0.5": {"mean": 41.38449700819014, "std": 2.0974898672619804}, "StochasticContinousFTGAgent_0.8_2_0.7_0.03_0.1_5.0_0.3_0.5": {"mean": 32.860627882688675, "std": 14.148367435970972}, "StochasticContinousFTGAgent_1.0_1_0.2_0.03_0.1_5.0_0.3_0.5": {"mean": 31.897056115674264, "std": 3.7067470468673647}, "StochasticContinousFTGAgent_1.2_5_0.5_0.03_0.1_5.0_0.3_1.5": {"mean": 35.629797893270165, "std": 0.0}}