{"spearman_corr": 0.6882352941176471, "p_value": 0.0032039086143957423, "abs": 12.270630433966051, "abs_std": 7.106572713507337}