{"StochasticContinousFTGAgent_0.5_2_0.7_0.03_0.1_5.0_0.3_0.5": {"mean": 21.985038873823314, "std": 12.541913586077948}, "StochasticContinousFTGAgent_0.6_2_0.8_0.03_0.1_5.0_0.3_0.5": {"mean": 23.41586050794798, "std": 11.923834099658617}, "StochasticContinousFTGAgent_0.8_2_0.7_0.03_0.1_5.0_0.3_0.5": {"mean": 22.746593674255614, "std": 12.185092730324637}, "StochasticContinousFTGAgent_1.0_1_0.2_0.03_0.1_5.0_0.3_0.5": {"mean": 20.503499706164625, "std": 9.855269560257764}, "pure_pursuit2_0.44_0.3_raceline1_0.3_0.5": {"mean": 19.73070364326938, "std": 7.2829616142732085}, "pure_pursuit2_0.44_0.85_raceline1_0.3_0.5": {"mean": 23.84432086946661, "std": 7.306318461638187}, "pure_pursuit2_0.4_0.3_raceline4_0.3_0.5": {"mean": 14.056989419615284, "std": 8.030894465341655}, "pure_pursuit2_0.52_0.9_raceline4_0.3_0.5": {"mean": 21.679816708619647, "std": 7.1121334761116985}, "pure_pursuit2_0.65_1.2_centerline_0.3_0.5": {"mean": 23.50620067619379, "std": 8.525664994452361}, "pure_pursuit2_0.68_1.1_raceline8_0.3_0.5": {"mean": 21.093209830556525, "std": 10.572932181170762}, "pure_pursuit2_0.6_1.0_raceline2_0.3_0.5": {"mean": 23.135156625355464, "std": 8.119668256201676}, "pure_pursuit2_0.73_0.95_centerline_0.3_0.5": {"mean": 24.497962250612964, "std": 9.545169187614679}, "pure_pursuit2_0.73_0.95_raceline4_0.3_0.5": {"mean": 24.03795662116782, "std": 8.638696483405782}, "pure_pursuit2_0.7_0.9_raceline8_0.3_0.5": {"mean": 19.472948429149373, "std": 11.11374514573896}, "pure_pursuit2_0.8_0.95_raceline3_0.3_0.5": {"mean": 24.558657074402003, "std": 10.648635218870297}, "pure_pursuit2_0.8_1.25_raceline8_0.3_0.5": {"mean": 19.697086911367343, "std": 9.84746623344486}}