{"StochasticContinousFTGAgent_0.5_2_0.7_0.03_0.1_5.0_0.3_0.5": {"mean": 18.51579431732478, "std": 15.539095241768006}, "StochasticContinousFTGAgent_0.6_2_0.8_0.03_0.1_5.0_0.3_0.5": {"mean": 21.25246076546621, "std": 13.09759492219449}, "StochasticContinousFTGAgent_0.8_2_0.7_0.03_0.1_5.0_0.3_0.5": {"mean": 13.5428308494444, "std": 8.212425768010863}, "StochasticContinousFTGAgent_1.0_1_0.2_0.03_0.1_5.0_0.3_0.5": {"mean": 12.742505612933684, "std": 8.383240124424415}, "pure_pursuit2_0.44_0.3_raceline1_0.3_0.5": {"mean": 11.616747958327228, "std": 6.473730985306644}, "pure_pursuit2_0.44_0.85_raceline1_0.3_0.5": {"mean": 13.225918650638983, "std": 6.798926265079845}, "pure_pursuit2_0.4_0.3_raceline4_0.3_0.5": {"mean": 10.592736397959326, "std": 6.4390877170407546}, "pure_pursuit2_0.52_0.9_raceline4_0.3_0.5": {"mean": 13.347950073054628, "std": 7.985476318155729}, "pure_pursuit2_0.65_1.2_centerline_0.3_0.5": {"mean": 15.951620640631697, "std": 9.631179399422766}, "pure_pursuit2_0.68_1.1_raceline8_0.3_0.5": {"mean": 23.97362797697638, "std": 12.766506315019033}, "pure_pursuit2_0.6_1.0_raceline2_0.3_0.5": {"mean": 17.944389097934646, "std": 10.21139712867434}, "pure_pursuit2_0.73_0.95_centerline_0.3_0.5": {"mean": 20.07696950946363, "std": 9.984094932066144}, "pure_pursuit2_0.73_0.95_raceline4_0.3_0.5": {"mean": 21.27427100805017, "std": 10.161960957522627}, "pure_pursuit2_0.7_0.9_raceline8_0.3_0.5": {"mean": 20.61163460413321, "std": 14.064914664436879}, "pure_pursuit2_0.8_0.95_raceline3_0.3_0.5": {"mean": 24.444312425298964, "std": 11.276067045551734}, "pure_pursuit2_0.8_1.25_raceline8_0.3_0.5": {"mean": 18.937237996455604, "std": 13.011394462079702}}