{"spearman_corr": 0.5911764705882353, "p_value": 0.01587557955564148, "abs": 16.64006755508319, "abs_std": 7.341869370801916}