{"StochasticContinousFTGAgent_0.5_2_0.7_0.03_0.1_5.0_0.3_0.5": {"mean": 23.069151105306414, "std": 11.235132837499664}, "StochasticContinousFTGAgent_0.6_2_0.8_0.03_0.1_5.0_0.3_0.5": {"mean": 25.235223369416737, "std": 10.613865311568743}, "StochasticContinousFTGAgent_0.8_2_0.7_0.03_0.1_5.0_0.3_0.5": {"mean": 21.6595051697435, "std": 10.546244434792468}, "StochasticContinousFTGAgent_1.0_1_0.2_0.03_0.1_5.0_0.3_0.5": {"mean": 25.023552801936905, "std": 7.7449162741432644}, "pure_pursuit2_0.44_0.3_raceline1_0.3_0.5": {"mean": 17.71311792891476, "std": 8.179893138315164}, "pure_pursuit2_0.44_0.85_raceline1_0.3_0.5": {"mean": 19.836201433296893, "std": 6.997819257557984}, "pure_pursuit2_0.4_0.3_raceline4_0.3_0.5": {"mean": 9.244656949472798, "std": 4.661765711989872}, "pure_pursuit2_0.52_0.9_raceline4_0.3_0.5": {"mean": 17.22963883869889, "std": 5.616351134610205}, "pure_pursuit2_0.65_1.2_centerline_0.3_0.5": {"mean": 26.02551621468946, "std": 9.138569911364952}, "pure_pursuit2_0.68_1.1_raceline8_0.3_0.5": {"mean": 27.388028046124564, "std": 12.369831456650646}, "pure_pursuit2_0.6_1.0_raceline2_0.3_0.5": {"mean": 25.64879149970599, "std": 8.300239602090212}, "pure_pursuit2_0.73_0.95_centerline_0.3_0.5": {"mean": 28.272000354512574, "std": 9.55378581985254}, "pure_pursuit2_0.73_0.95_raceline4_0.3_0.5": {"mean": 30.8681020030128, "std": 8.128145759215636}, "pure_pursuit2_0.7_0.9_raceline8_0.3_0.5": {"mean": 22.12856994264258, "std": 10.559374966260128}, "pure_pursuit2_0.8_0.95_raceline3_0.3_0.5": {"mean": 29.163524679649598, "std": 10.258160754844903}, "pure_pursuit2_0.8_1.25_raceline8_0.3_0.5": {"mean": 26.403353591542263, "std": 11.201500582255992}}