{"spearman_corr": 0.4558823529411765, "p_value": 0.07594549116741177, "abs": 10.586447177297366, "abs_std": 7.487749076146982}