{"spearman_corr": 0.6588235294117648, "p_value": 0.0055114223363436875, "abs": 0.15466434091445025, "abs_std": 5.944237024517249}