{"StochasticContinousFTGAgent_0.5_2_0.7_0.03_0.1_5.0_0.3_0.5": {"mean": 45.64540540382486, "std": 15.913879351491273}, "StochasticContinousFTGAgent_0.6_2_0.8_0.03_0.1_5.0_0.3_0.5": {"mean": 45.73731856410057, "std": 13.827444768617656}, "StochasticContinousFTGAgent_0.8_2_0.7_0.03_0.1_5.0_0.3_0.5": {"mean": 39.76645593123998, "std": 12.022400702133922}, "StochasticContinousFTGAgent_1.0_1_0.2_0.03_0.1_5.0_0.3_0.5": {"mean": 31.569078737847388, "std": 3.9324589965761167}, "pure_pursuit2_0.44_0.3_raceline1_0.3_0.5": {"mean": 23.131350562582394, "std": 4.982359864217175}, "pure_pursuit2_0.44_0.85_raceline1_0.3_0.5": {"mean": 28.277702451617735, "std": 4.623254815324246}, "pure_pursuit2_0.4_0.3_raceline4_0.3_0.5": {"mean": 15.123622509236105, "std": 5.8662803808006885}, "pure_pursuit2_0.52_0.9_raceline4_0.3_0.5": {"mean": 32.64225326234558, "std": 3.2635595548236345}, "pure_pursuit2_0.65_1.2_centerline_0.3_0.5": {"mean": 37.45353874382533, "std": 5.303487798050131}, "pure_pursuit2_0.68_1.1_raceline8_0.3_0.5": {"mean": 35.19959217680331, "std": 7.508722146260043}, "pure_pursuit2_0.6_1.0_raceline2_0.3_0.5": {"mean": 35.42203762056255, "std": 2.65049609973517}, "pure_pursuit2_0.73_0.95_centerline_0.3_0.5": {"mean": 36.27580658787722, "std": 10.010815229719366}, "pure_pursuit2_0.73_0.95_raceline4_0.3_0.5": {"mean": 33.335001615547355, "std": 9.454295809135404}, "pure_pursuit2_0.7_0.9_raceline8_0.3_0.5": {"mean": 30.12455579203994, "std": 10.679693631221605}, "pure_pursuit2_0.8_0.95_raceline3_0.3_0.5": {"mean": 30.06667714893069, "std": 11.187136406704262}, "pure_pursuit2_0.8_1.25_raceline8_0.3_0.5": {"mean": 42.04706220241238, "std": 6.457271418760223}}