{"StochasticContinousFTGAgent_0.5_2_0.7_0.03_0.1_5.0_0.3_0.5": {"mean": 47.57190037906569, "std": 9.187355005443328}, "StochasticContinousFTGAgent_0.6_2_0.8_0.03_0.1_5.0_0.3_0.5": {"mean": 44.32841562982252, "std": 6.505368939693199}, "StochasticContinousFTGAgent_0.8_2_0.7_0.03_0.1_5.0_0.3_0.5": {"mean": 27.574162800528107, "std": 12.445882843787407}, "StochasticContinousFTGAgent_1.0_1_0.2_0.03_0.1_5.0_0.3_0.5": {"mean": 22.79504759006357, "std": 10.445849929026952}, "pure_pursuit2_0.44_0.3_raceline1_0.3_0.5": {"mean": 17.559211625690303, "std": 9.748015091196594}, "pure_pursuit2_0.44_0.85_raceline1_0.3_0.5": {"mean": 17.53903314714464, "std": 11.009828317989786}, "pure_pursuit2_0.4_0.3_raceline4_0.3_0.5": {"mean": 14.664790309398745, "std": 9.980482524634352}, "pure_pursuit2_0.52_0.9_raceline4_0.3_0.5": {"mean": 20.078053468350873, "std": 11.50825389889744}, "pure_pursuit2_0.65_1.2_centerline_0.3_0.5": {"mean": 23.639865940209933, "std": 11.227531540618056}, "pure_pursuit2_0.68_1.1_raceline8_0.3_0.5": {"mean": 24.126683688228763, "std": 8.462799199626316}, "pure_pursuit2_0.6_1.0_raceline2_0.3_0.5": {"mean": 23.110688748340568, "std": 10.615394787659008}, "pure_pursuit2_0.73_0.95_centerline_0.3_0.5": {"mean": 28.425353213489363, "std": 8.444294321733924}, "pure_pursuit2_0.73_0.95_raceline4_0.3_0.5": {"mean": 25.09368194246822, "std": 12.28209112003549}, "pure_pursuit2_0.7_0.9_raceline8_0.3_0.5": {"mean": 23.12461182720558, "std": 11.350169656218707}, "pure_pursuit2_0.8_0.95_raceline3_0.3_0.5": {"mean": 32.14378728808655, "std": 6.415778163851081}, "pure_pursuit2_0.8_1.25_raceline8_0.3_0.5": {"mean": 28.13556808671358, "std": 8.654543731393348}}