{"spearman_corr": 0.7823529411764706, "p_value": 0.00034122076396497244, "abs": 7.773827067538598, "abs_std": 4.959601686617099}