{"spearman_corr": 0.5529411764705882, "p_value": 0.026314499870666502, "abs": 5.551152638316991, "abs_std": 5.615812406030231}