{"StochasticContinousFTGAgent_0.5_2_0.7_0.03_0.1_5.0_0.3_0.5": {"mean": 47.116323750127464, "std": 11.120346326475568}, "StochasticContinousFTGAgent_0.6_2_0.8_0.03_0.1_5.0_0.3_0.5": {"mean": 42.344586148779975, "std": 9.346885483196218}, "StochasticContinousFTGAgent_0.8_2_0.7_0.03_0.1_5.0_0.3_0.5": {"mean": 21.681844056981245, "std": 11.207483461387104}, "StochasticContinousFTGAgent_1.0_1_0.2_0.03_0.1_5.0_0.3_0.5": {"mean": 29.529435670345674, "std": 5.6045841199390685}, "pure_pursuit2_0.44_0.3_raceline1_0.3_0.5": {"mean": 22.456883708008334, "std": 8.996958916913098}, "pure_pursuit2_0.44_0.85_raceline1_0.3_0.5": {"mean": 29.285222155409137, "std": 4.118907454513228}, "pure_pursuit2_0.4_0.3_raceline4_0.3_0.5": {"mean": 17.007457265025913, "std": 10.461248534442118}, "pure_pursuit2_0.52_0.9_raceline4_0.3_0.5": {"mean": 26.51270824797153, "std": 8.238558287816373}, "pure_pursuit2_0.65_1.2_centerline_0.3_0.5": {"mean": 31.593014022985436, "std": 6.888895447057339}, "pure_pursuit2_0.68_1.1_raceline8_0.3_0.5": {"mean": 23.252790848236867, "std": 13.027540733321374}, "pure_pursuit2_0.6_1.0_raceline2_0.3_0.5": {"mean": 32.473739862415215, "std": 7.389770208854473}, "pure_pursuit2_0.73_0.95_centerline_0.3_0.5": {"mean": 30.60275297083707, "std": 9.546099464970963}, "pure_pursuit2_0.73_0.95_raceline4_0.3_0.5": {"mean": 28.123642516444907, "std": 9.422885713729602}, "pure_pursuit2_0.7_0.9_raceline8_0.3_0.5": {"mean": 21.19926050718701, "std": 11.957346026005386}, "pure_pursuit2_0.8_0.95_raceline3_0.3_0.5": {"mean": 28.02638688093225, "std": 12.606882543104211}, "pure_pursuit2_0.8_1.25_raceline8_0.3_0.5": {"mean": 24.267597940664682, "std": 12.842015041279613}}