{"StochasticContinousFTGAgent_0.5_2_0.7_0.03_0.1_5.0_0.3_0.5": {"mean": 21.417727712967643, "std": 9.422082921201573}, "StochasticContinousFTGAgent_0.6_2_0.8_0.03_0.1_5.0_0.3_0.5": {"mean": 21.92545534926855, "std": 10.082179426030882}, "StochasticContinousFTGAgent_0.8_2_0.7_0.03_0.1_5.0_0.3_0.5": {"mean": 21.904831060481516, "std": 11.255163111607018}, "StochasticContinousFTGAgent_1.0_1_0.2_0.03_0.1_5.0_0.3_0.5": {"mean": 19.589002709810607, "std": 8.239634848841055}, "pure_pursuit2_0.44_0.3_raceline1_0.3_0.5": {"mean": 21.150798277770065, "std": 8.40778839568366}, "pure_pursuit2_0.44_0.85_raceline1_0.3_0.5": {"mean": 32.32761585540656, "std": 4.42291937280892}, "pure_pursuit2_0.4_0.3_raceline4_0.3_0.5": {"mean": 13.753464350419614, "std": 6.7904676901527345}, "pure_pursuit2_0.52_0.9_raceline4_0.3_0.5": {"mean": 27.67647975536914, "std": 7.654760742860834}, "pure_pursuit2_0.65_1.2_centerline_0.3_0.5": {"mean": 31.330684811832874, "std": 6.3609112698500665}, "pure_pursuit2_0.68_1.1_raceline8_0.3_0.5": {"mean": 23.673817701544017, "std": 10.064521819409059}, "pure_pursuit2_0.6_1.0_raceline2_0.3_0.5": {"mean": 27.98749645622757, "std": 7.890214966932244}, "pure_pursuit2_0.73_0.95_centerline_0.3_0.5": {"mean": 30.787015791629774, "std": 8.783169478231047}, "pure_pursuit2_0.73_0.95_raceline4_0.3_0.5": {"mean": 31.593597342736434, "std": 8.503825385691307}, "pure_pursuit2_0.7_0.9_raceline8_0.3_0.5": {"mean": 15.41295406075827, "std": 7.212302193761273}, "pure_pursuit2_0.8_0.95_raceline3_0.3_0.5": {"mean": 30.328276644009815, "std": 8.743238246853156}, "pure_pursuit2_0.8_1.25_raceline8_0.3_0.5": {"mean": 24.170749272813545, "std": 7.472619122761946}}