{"spearman_corr": 0.3558823529411765, "p_value": 0.1761037380915931, "abs": 9.32888260077366, "abs_std": 8.925370020410421}