{"pure_pursuit2_0.6_1.0_raceline2_0.3_0.5": {"mean": 31.147075697893293, "std": 1.8881424775719189}, "pure_pursuit2_0.7_0.9_raceline8_0.3_0.5": {"mean": 36.007467168150626, "std": 1.9044427849795917}, "pure_pursuit2_0.8_0.95_raceline3_0.3_0.5": {"mean": 41.14454108808966, "std": 2.2701134238923677}, "pure_pursuit2_0.8_1.25_raceline8_0.3_0.5": {"mean": 40.992643558263296, "std": 2.020411303308868}, "pure_pursuit2_0.44_0.85_raceline1_0.3_0.5": {"mean": 26.13876662758522, "std": 1.5898150232285346}, "pure_pursuit2_0.52_0.9_raceline4_0.3_0.5": {"mean": 23.812981347811565, "std": 6.020093035745457}, "pure_pursuit2_0.65_1.2_centerline_0.3_0.5": {"mean": 35.09682203464375, "std": 1.8463527936167385}, "pure_pursuit2_0.68_1.1_raceline8_0.3_0.5": {"mean": 35.349606493469786, "std": 1.844442531570151}, "pure_pursuit2_0.73_0.95_centerline_0.3_0.5": {"mean": 38.84394583485322, "std": 1.8613878150878929}, "pure_pursuit2_0.73_0.95_raceline4_0.3_0.5": {"mean": 35.48563364451586, "std": 7.999905203287311}, "StochasticContinousFTGAgent_0.5_2_0.7_0.03_0.1_5.0_0.3_0.5": {"mean": 21.0007273047206, "std": 12.979642374298063}, "StochasticContinousFTGAgent_0.6_2_0.8_0.03_0.1_5.0_0.3_0.5": {"mean": 18.07941286800201, "std": 11.297917050723301}, "StochasticContinousFTGAgent_0.8_2_0.7_0.03_0.1_5.0_0.3_0.5": {"mean": 13.82936834463233, "std": 6.0432574185621775}, "StochasticContinousFTGAgent_1.0_1_0.2_0.03_0.1_5.0_0.3_0.5": {"mean": 28.63285711115649, "std": 2.5945901126583437}, "pure_pursuit2_0.4_0.3_raceline4_0.3_0.5": {"mean": 19.768513105500997, "std": 3.8091609323329507}, "pure_pursuit2_0.44_0.3_raceline1_0.3_0.5": {"mean": 25.44797881111706, "std": 2.7065269220185106}}