{"StochasticContinousFTGAgent_0.5_2_0.7_0.03_0.1_5.0_0.3_0.5": {"mean": 21.65362113154636, "std": 10.177911030303768}, "StochasticContinousFTGAgent_0.6_2_0.8_0.03_0.1_5.0_0.3_0.5": {"mean": 22.81478106099392, "std": 9.446648202874654}, "StochasticContinousFTGAgent_0.8_2_0.7_0.03_0.1_5.0_0.3_0.5": {"mean": 20.857991556990413, "std": 8.4066018054269}, "StochasticContinousFTGAgent_1.0_1_0.2_0.03_0.1_5.0_0.3_0.5": {"mean": 20.184905013010415, "std": 8.028257279123359}, "pure_pursuit2_0.44_0.3_raceline1_0.3_0.5": {"mean": 25.3647232412649, "std": 7.0379076287019595}, "pure_pursuit2_0.44_0.85_raceline1_0.3_0.5": {"mean": 28.236696094755988, "std": 4.89037179418849}, "pure_pursuit2_0.4_0.3_raceline4_0.3_0.5": {"mean": 19.176396636934697, "std": 9.68289656730812}, "pure_pursuit2_0.52_0.9_raceline4_0.3_0.5": {"mean": 23.1843554924965, "std": 8.042248504308363}, "pure_pursuit2_0.65_1.2_centerline_0.3_0.5": {"mean": 27.31318463373391, "std": 4.904721310329876}, "pure_pursuit2_0.68_1.1_raceline8_0.3_0.5": {"mean": 28.882137962960275, "std": 6.802963151624427}, "pure_pursuit2_0.6_1.0_raceline2_0.3_0.5": {"mean": 24.912821897902518, "std": 6.2356864434240835}, "pure_pursuit2_0.73_0.95_centerline_0.3_0.5": {"mean": 26.79516441128677, "std": 7.232160269549111}, "pure_pursuit2_0.73_0.95_raceline4_0.3_0.5": {"mean": 24.704825481233293, "std": 9.059188693479031}, "pure_pursuit2_0.7_0.9_raceline8_0.3_0.5": {"mean": 21.553469324236616, "std": 12.064533973849905}, "pure_pursuit2_0.8_0.95_raceline3_0.3_0.5": {"mean": 25.17179488186581, "std": 8.792448664061892}, "pure_pursuit2_0.8_1.25_raceline8_0.3_0.5": {"mean": 25.01155814746285, "std": 7.239206224156933}}