{"spearman_corr": 0.0411764705882353, "p_value": 0.8796536149318311, "abs": 9.904603862296835, "abs_std": 9.00398079127011}