{"spearman_corr": 0.6676470588235294, "p_value": 0.004711981947989975, "abs": 3.5360181951371112, "abs_std": 5.286857549553718}