{"StochasticContinousFTGAgent_0.5_2_0.7_0.03_0.1_5.0_0.3_0.5": {"mean": 35.332359426492395, "std": 13.063348223362556}, "StochasticContinousFTGAgent_0.6_2_0.8_0.03_0.1_5.0_0.3_0.5": {"mean": 49.029866901426786, "std": 10.861393575487998}, "StochasticContinousFTGAgent_0.8_2_0.7_0.03_0.1_5.0_0.3_0.5": {"mean": 30.996091755424832, "std": 13.883902347546034}, "StochasticContinousFTGAgent_1.0_1_0.2_0.03_0.1_5.0_0.3_0.5": {"mean": 31.569933545165757, "std": 2.610430084807026}, "pure_pursuit2_0.44_0.3_raceline1_0.3_0.5": {"mean": 21.664109521810616, "std": 5.023209914640153}, "pure_pursuit2_0.44_0.85_raceline1_0.3_0.5": {"mean": 31.617532207619416, "std": 4.2253111879063345}, "pure_pursuit2_0.4_0.3_raceline4_0.3_0.5": {"mean": 10.66659930368194, "std": 4.030605164425608}, "pure_pursuit2_0.52_0.9_raceline4_0.3_0.5": {"mean": 31.331027157061808, "std": 4.522131276542252}, "pure_pursuit2_0.65_1.2_centerline_0.3_0.5": {"mean": 28.442078750339792, "std": 10.350774860665984}, "pure_pursuit2_0.68_1.1_raceline8_0.3_0.5": {"mean": 33.57405642579014, "std": 7.197987282456174}, "pure_pursuit2_0.6_1.0_raceline2_0.3_0.5": {"mean": 35.278651258824354, "std": 1.9997635868669272}, "pure_pursuit2_0.73_0.95_centerline_0.3_0.5": {"mean": 29.56796626771883, "std": 10.884940709815307}, "pure_pursuit2_0.73_0.95_raceline4_0.3_0.5": {"mean": 40.78536924779549, "std": 2.3219230859716946}, "pure_pursuit2_0.7_0.9_raceline8_0.3_0.5": {"mean": 19.408042688886926, "std": 13.285723477453258}, "pure_pursuit2_0.8_0.95_raceline3_0.3_0.5": {"mean": 30.60751880064531, "std": 12.429310222627999}, "pure_pursuit2_0.8_1.25_raceline8_0.3_0.5": {"mean": 27.84459438454641, "std": 10.09833830950428}}