{"spearman_corr": 0.5029411764705883, "p_value": 0.047063140467273036, "abs": 6.591570212510347, "abs_std": 6.55146263995539}