{"StochasticContinousFTGAgent_0.5_2_0.7_0.03_0.1_5.0_0.3_0.5": {"mean": 27.690140696606413, "std": 13.671603109707256}, "StochasticContinousFTGAgent_0.6_2_0.8_0.03_0.1_5.0_0.3_0.5": {"mean": 32.44104231264171, "std": 14.906949033552749}, "StochasticContinousFTGAgent_0.8_2_0.7_0.03_0.1_5.0_0.3_0.5": {"mean": 27.020525341997576, "std": 15.644917704184344}, "StochasticContinousFTGAgent_1.0_1_0.2_0.03_0.1_5.0_0.3_0.5": {"mean": 28.31270791776829, "std": 6.860318012565543}, "pure_pursuit2_0.44_0.3_raceline1_0.3_0.5": {"mean": 20.40200133386644, "std": 5.4246536512483}, "pure_pursuit2_0.44_0.85_raceline1_0.3_0.5": {"mean": 31.342668550564472, "std": 1.384826524821137}, "pure_pursuit2_0.4_0.3_raceline4_0.3_0.5": {"mean": 12.757296074260395, "std": 5.614307021106877}, "pure_pursuit2_0.52_0.9_raceline4_0.3_0.5": {"mean": 29.981558296544463, "std": 4.710823347698011}, "pure_pursuit2_0.65_1.2_centerline_0.3_0.5": {"mean": 27.91879000343973, "std": 11.377483872434619}, "pure_pursuit2_0.68_1.1_raceline8_0.3_0.5": {"mean": 34.14837661928288, "std": 8.318695462522209}, "pure_pursuit2_0.6_1.0_raceline2_0.3_0.5": {"mean": 29.467191293279534, "std": 9.017161172820483}, "pure_pursuit2_0.73_0.95_centerline_0.3_0.5": {"mean": 27.76239003286788, "std": 11.625409069589963}, "pure_pursuit2_0.73_0.95_raceline4_0.3_0.5": {"mean": 33.809012847156694, "std": 7.782564493090289}, "pure_pursuit2_0.7_0.9_raceline8_0.3_0.5": {"mean": 20.65646837624771, "std": 13.73540020274202}, "pure_pursuit2_0.8_0.95_raceline3_0.3_0.5": {"mean": 30.10872137006119, "std": 10.197148793885376}, "pure_pursuit2_0.8_1.25_raceline8_0.3_0.5": {"mean": 25.00807429867364, "std": 13.670252857512939}}