{"spearman_corr": 0.7705882352941176, "p_value": 0.0004768223953633258, "abs": 7.665224212694426, "abs_std": 5.9561331764350065}