{"StochasticContinousFTGAgent_0.5_2_0.7_0.03_0.1_5.0_0.3_0.5": {"mean": 29.77215139780619, "std": 13.06275759127316}, "StochasticContinousFTGAgent_0.6_2_0.8_0.03_0.1_5.0_0.3_0.5": {"mean": 31.780408419932378, "std": 12.483097801548354}, "StochasticContinousFTGAgent_0.8_2_0.7_0.03_0.1_5.0_0.3_0.5": {"mean": 31.066838353866874, "std": 12.848734708188907}, "StochasticContinousFTGAgent_1.0_1_0.2_0.03_0.1_5.0_0.3_0.5": {"mean": 27.8644456606557, "std": 6.370362657180246}, "pure_pursuit2_0.44_0.3_raceline1_0.3_0.5": {"mean": 21.207432079976165, "std": 7.126820158343865}, "pure_pursuit2_0.44_0.85_raceline1_0.3_0.5": {"mean": 28.644409381242394, "std": 6.534905605248682}, "pure_pursuit2_0.4_0.3_raceline4_0.3_0.5": {"mean": 12.45593977056884, "std": 5.1780675115855646}, "pure_pursuit2_0.52_0.9_raceline4_0.3_0.5": {"mean": 21.877631596492474, "std": 7.218038746749357}, "pure_pursuit2_0.65_1.2_centerline_0.3_0.5": {"mean": 26.43815285449276, "std": 9.816307440474114}, "pure_pursuit2_0.68_1.1_raceline8_0.3_0.5": {"mean": 35.47663185073172, "std": 7.483082509263292}, "pure_pursuit2_0.6_1.0_raceline2_0.3_0.5": {"mean": 27.892168406343703, "std": 8.291909265439859}, "pure_pursuit2_0.73_0.95_centerline_0.3_0.5": {"mean": 24.41177935247672, "std": 10.12422239294203}, "pure_pursuit2_0.73_0.95_raceline4_0.3_0.5": {"mean": 30.357865794545916, "std": 9.639644582028644}, "pure_pursuit2_0.7_0.9_raceline8_0.3_0.5": {"mean": 20.007599649140985, "std": 13.241204458072685}, "pure_pursuit2_0.8_0.95_raceline3_0.3_0.5": {"mean": 30.212124818742662, "std": 10.973403126941994}, "pure_pursuit2_0.8_1.25_raceline8_0.3_0.5": {"mean": 22.182921975298267, "std": 10.092823991743444}}