{"spearman_corr": 0.8147058823529412, "p_value": 0.00012130950572235612, "abs": 8.75242229470587, "abs_std": 4.413678762743717}