{"StochasticContinousFTGAgent_0.5_2_0.7_0.03_0.1_5.0_0.3_0.5": {"mean": 37.26392308665035, "std": 15.240611382698905}, "StochasticContinousFTGAgent_0.6_2_0.8_0.03_0.1_5.0_0.3_0.5": {"mean": 39.97306765552918, "std": 15.028313773194615}, "StochasticContinousFTGAgent_0.8_2_0.7_0.03_0.1_5.0_0.3_0.5": {"mean": 32.66215615722391, "std": 16.671291146580845}, "StochasticContinousFTGAgent_1.0_1_0.2_0.03_0.1_5.0_0.3_0.5": {"mean": 20.439507351041893, "std": 9.675568922120158}, "pure_pursuit2_0.44_0.3_raceline1_0.3_0.5": {"mean": 22.542165126579217, "std": 8.210231857889296}, "pure_pursuit2_0.44_0.85_raceline1_0.3_0.5": {"mean": 30.13840747797384, "std": 6.998652720079665}, "pure_pursuit2_0.4_0.3_raceline4_0.3_0.5": {"mean": 11.896138531125303, "std": 6.3354401244692955}, "pure_pursuit2_0.52_0.9_raceline4_0.3_0.5": {"mean": 23.27090941870676, "std": 8.046381058621881}, "pure_pursuit2_0.65_1.2_centerline_0.3_0.5": {"mean": 26.836357540057637, "std": 8.962381155834349}, "pure_pursuit2_0.68_1.1_raceline8_0.3_0.5": {"mean": 19.389100279287995, "std": 8.522893929474149}, "pure_pursuit2_0.6_1.0_raceline2_0.3_0.5": {"mean": 26.027725614786597, "std": 9.224860462297606}, "pure_pursuit2_0.73_0.95_centerline_0.3_0.5": {"mean": 28.66816401999409, "std": 9.203301043263835}, "pure_pursuit2_0.73_0.95_raceline4_0.3_0.5": {"mean": 25.315443733339425, "std": 6.277096060301274}, "pure_pursuit2_0.7_0.9_raceline8_0.3_0.5": {"mean": 14.295056906615141, "std": 6.178806208867626}, "pure_pursuit2_0.8_0.95_raceline3_0.3_0.5": {"mean": 28.695311926498622, "std": 9.183207262673283}, "pure_pursuit2_0.8_1.25_raceline8_0.3_0.5": {"mean": 16.839897224720726, "std": 8.434265933842815}}