{"StochasticContinousFTGAgent_0.5_2_0.7_0.03_0.1_5.0_0.3_0.5": {"mean": 47.04390128829791, "std": 15.01206765349988}, "StochasticContinousFTGAgent_0.6_2_0.8_0.03_0.1_5.0_0.3_0.5": {"mean": 46.04473160798018, "std": 12.480424330121114}, "StochasticContinousFTGAgent_0.8_2_0.7_0.03_0.1_5.0_0.3_0.5": {"mean": 39.148256438979935, "std": 8.327755230185309}, "StochasticContinousFTGAgent_1.0_1_0.2_0.03_0.1_5.0_0.3_0.5": {"mean": 26.399249015986772, "std": 6.676949383317526}, "pure_pursuit2_0.44_0.3_raceline1_0.3_0.5": {"mean": 21.192340892525056, "std": 8.27093955178603}, "pure_pursuit2_0.44_0.85_raceline1_0.3_0.5": {"mean": 24.92858912877968, "std": 5.645028307433566}, "pure_pursuit2_0.4_0.3_raceline4_0.3_0.5": {"mean": 15.886934417744433, "std": 8.589363023663035}, "pure_pursuit2_0.52_0.9_raceline4_0.3_0.5": {"mean": 26.678322173779343, "std": 7.117631542255513}, "pure_pursuit2_0.65_1.2_centerline_0.3_0.5": {"mean": 27.812611095890233, "std": 8.30464165179081}, "pure_pursuit2_0.68_1.1_raceline8_0.3_0.5": {"mean": 33.33849174358293, "std": 6.798044705025592}, "pure_pursuit2_0.6_1.0_raceline2_0.3_0.5": {"mean": 26.634790185984244, "std": 7.593250292885425}, "pure_pursuit2_0.73_0.95_centerline_0.3_0.5": {"mean": 26.439687670998147, "std": 10.30624445905598}, "pure_pursuit2_0.73_0.95_raceline4_0.3_0.5": {"mean": 29.15527715766734, "std": 8.990979302534727}, "pure_pursuit2_0.7_0.9_raceline8_0.3_0.5": {"mean": 33.485001142158154, "std": 7.192289134145047}, "pure_pursuit2_0.8_0.95_raceline3_0.3_0.5": {"mean": 26.155506703430998, "std": 12.753091853508025}, "pure_pursuit2_0.8_1.25_raceline8_0.3_0.5": {"mean": 39.83569298341831, "std": 5.834837531072936}}