{"spearman_corr": 0.5764705882352941, "p_value": 0.01941514038653157, "abs": 3.3820440698888072, "abs_std": 6.442253469929583}