{"StochasticContinousFTGAgent_0.5_2_0.7_0.03_0.1_5.0_0.3_0.5": {"mean": 21.264383719539794, "std": 12.154831893185815}, "StochasticContinousFTGAgent_0.6_2_0.8_0.03_0.1_5.0_0.3_0.5": {"mean": 21.56844536169238, "std": 10.048951172290593}, "StochasticContinousFTGAgent_0.8_2_0.7_0.03_0.1_5.0_0.3_0.5": {"mean": 18.6703072251941, "std": 9.731615397735759}, "StochasticContinousFTGAgent_1.0_1_0.2_0.03_0.1_5.0_0.3_0.5": {"mean": 22.29004194945715, "std": 10.070184133621128}, "pure_pursuit2_0.44_0.3_raceline1_0.3_0.5": {"mean": 23.82219980316411, "std": 9.950089490717804}, "pure_pursuit2_0.44_0.85_raceline1_0.3_0.5": {"mean": 24.38489280600392, "std": 7.981497768964273}, "pure_pursuit2_0.4_0.3_raceline4_0.3_0.5": {"mean": 16.24885696092804, "std": 10.022046793573942}, "pure_pursuit2_0.52_0.9_raceline4_0.3_0.5": {"mean": 23.785895677251844, "std": 9.600816333034139}, "pure_pursuit2_0.65_1.2_centerline_0.3_0.5": {"mean": 23.43027564553964, "std": 7.791796899108256}, "pure_pursuit2_0.68_1.1_raceline8_0.3_0.5": {"mean": 24.323244653628688, "std": 9.216231530581531}, "pure_pursuit2_0.6_1.0_raceline2_0.3_0.5": {"mean": 24.343870302022086, "std": 9.419773100915007}, "pure_pursuit2_0.73_0.95_centerline_0.3_0.5": {"mean": 26.319539772832158, "std": 8.89568250984702}, "pure_pursuit2_0.73_0.95_raceline4_0.3_0.5": {"mean": 24.942393110727878, "std": 9.541381588009425}, "pure_pursuit2_0.7_0.9_raceline8_0.3_0.5": {"mean": 21.216768594149144, "std": 11.717157840371828}, "pure_pursuit2_0.8_0.95_raceline3_0.3_0.5": {"mean": 26.100780992650403, "std": 8.88685623950971}, "pure_pursuit2_0.8_1.25_raceline8_0.3_0.5": {"mean": 28.48567841415001, "std": 9.715166048709774}}