{"spearman_corr": -0.011764705882352941, "p_value": 0.9655081698956276, "abs": 10.818407111030826, "abs_std": 9.138147066661146}