{"spearman_corr": 0.6735294117647058, "p_value": 0.0042327392484605075, "abs": 13.945651867506843, "abs_std": 5.584513312227136}