{"StochasticContinousFTGAgent_0.5_2_0.7_0.03_0.1_5.0_0.3_0.5": {"mean": 27.507504781485924, "std": 13.345807553685534}, "StochasticContinousFTGAgent_0.6_2_0.8_0.03_0.1_5.0_0.3_0.5": {"mean": 29.05764856703099, "std": 12.264324513316867}, "StochasticContinousFTGAgent_0.8_2_0.7_0.03_0.1_5.0_0.3_0.5": {"mean": 24.92246292858364, "std": 13.445626947574608}, "StochasticContinousFTGAgent_1.0_1_0.2_0.03_0.1_5.0_0.3_0.5": {"mean": 24.44948818211387, "std": 9.358489965761986}, "pure_pursuit2_0.44_0.3_raceline1_0.3_0.5": {"mean": 13.319205748269287, "std": 3.6745233401574016}, "pure_pursuit2_0.44_0.85_raceline1_0.3_0.5": {"mean": 22.41120448709081, "std": 5.968844946788979}, "pure_pursuit2_0.4_0.3_raceline4_0.3_0.5": {"mean": 9.398553867789479, "std": 4.202728127744907}, "pure_pursuit2_0.52_0.9_raceline4_0.3_0.5": {"mean": 24.969138300446424, "std": 7.243660346374039}, "pure_pursuit2_0.65_1.2_centerline_0.3_0.5": {"mean": 15.577148981019095, "std": 9.421004695562928}, "pure_pursuit2_0.68_1.1_raceline8_0.3_0.5": {"mean": 15.628406560845699, "std": 7.4178318322834205}, "pure_pursuit2_0.6_1.0_raceline2_0.3_0.5": {"mean": 21.141044754073093, "std": 9.122950372555861}, "pure_pursuit2_0.73_0.95_centerline_0.3_0.5": {"mean": 20.232867200823275, "std": 8.203075200074448}, "pure_pursuit2_0.73_0.95_raceline4_0.3_0.5": {"mean": 23.680288097139822, "std": 8.753033446179133}, "pure_pursuit2_0.7_0.9_raceline8_0.3_0.5": {"mean": 14.17761596608084, "std": 9.361251371845}, "pure_pursuit2_0.8_0.95_raceline3_0.3_0.5": {"mean": 19.09215794750989, "std": 11.144064405942387}, "pure_pursuit2_0.8_1.25_raceline8_0.3_0.5": {"mean": 15.59692251501294, "std": 8.176766617748864}}