{"spearman_corr": -0.13529411764705881, "p_value": 0.6173674089706418, "abs": 19.05531897952885, "abs_std": 9.646289303331464}