{"StochasticContinousFTGAgent_0.5_2_0.7_0.03_0.1_5.0_0.3_0.5": {"mean": 13.17909077746641, "std": 7.398117687556053}, "StochasticContinousFTGAgent_0.6_2_0.8_0.03_0.1_5.0_0.3_0.5": {"mean": 14.118622658363728, "std": 10.139129755783264}, "StochasticContinousFTGAgent_0.8_2_0.7_0.03_0.1_5.0_0.3_0.5": {"mean": 13.618208981847838, "std": 8.372478607043087}, "StochasticContinousFTGAgent_1.0_1_0.2_0.03_0.1_5.0_0.3_0.5": {"mean": 9.271195862852778, "std": 6.366733949216296}, "pure_pursuit2_0.44_0.3_raceline1_0.3_0.5": {"mean": 20.884755495725656, "std": 16.740053416880684}, "pure_pursuit2_0.44_0.85_raceline1_0.3_0.5": {"mean": 16.126299473659397, "std": 8.192341765595291}, "pure_pursuit2_0.4_0.3_raceline4_0.3_0.5": {"mean": 10.852848105227046, "std": 11.33868763692227}, "pure_pursuit2_0.52_0.9_raceline4_0.3_0.5": {"mean": 13.238315020616872, "std": 5.474204527792608}, "pure_pursuit2_0.65_1.2_centerline_0.3_0.5": {"mean": 13.963777017832449, "std": 9.184770206348512}, "pure_pursuit2_0.68_1.1_raceline8_0.3_0.5": {"mean": 20.918934746835024, "std": 10.930644380359377}, "pure_pursuit2_0.6_1.0_raceline2_0.3_0.5": {"mean": 15.088327141234156, "std": 7.299738613477815}, "pure_pursuit2_0.73_0.95_centerline_0.3_0.5": {"mean": 14.801304886662471, "std": 8.589257830610855}, "pure_pursuit2_0.73_0.95_raceline4_0.3_0.5": {"mean": 16.47264325425699, "std": 8.396349944118901}, "pure_pursuit2_0.7_0.9_raceline8_0.3_0.5": {"mean": 15.94143304966323, "std": 11.124688930184938}, "pure_pursuit2_0.8_0.95_raceline3_0.3_0.5": {"mean": 11.954110589206712, "std": 6.955912036668712}, "pure_pursuit2_0.8_1.25_raceline8_0.3_0.5": {"mean": 18.977118031512212, "std": 10.050032480247719}}