{"StochasticContinousFTGAgent_0.5_2_0.7_0.03_0.1_5.0_0.3_0.5": {"mean": 21.12457255062684, "std": 11.885995281184885}, "StochasticContinousFTGAgent_0.6_2_0.8_0.03_0.1_5.0_0.3_0.5": {"mean": 21.168315382029732, "std": 10.825239647946958}, "StochasticContinousFTGAgent_0.8_2_0.7_0.03_0.1_5.0_0.3_0.5": {"mean": 19.51750056281169, "std": 9.60532528741649}, "StochasticContinousFTGAgent_1.0_1_0.2_0.03_0.1_5.0_0.3_0.5": {"mean": 18.295583851136726, "std": 9.10715318152141}, "pure_pursuit2_0.44_0.3_raceline1_0.3_0.5": {"mean": 10.215224847954232, "std": 3.377688408887966}, "pure_pursuit2_0.44_0.85_raceline1_0.3_0.5": {"mean": 16.499269333843394, "std": 7.5692197654608755}, "pure_pursuit2_0.4_0.3_raceline4_0.3_0.5": {"mean": 10.4096896672187, "std": 4.663275142362433}, "pure_pursuit2_0.52_0.9_raceline4_0.3_0.5": {"mean": 15.99578047433188, "std": 7.712690017895912}, "pure_pursuit2_0.65_1.2_centerline_0.3_0.5": {"mean": 16.182833178551167, "std": 8.958627035815756}, "pure_pursuit2_0.68_1.1_raceline8_0.3_0.5": {"mean": 17.16740203381017, "std": 7.6989215956370245}, "pure_pursuit2_0.6_1.0_raceline2_0.3_0.5": {"mean": 18.29879091303467, "std": 9.289651751275507}, "pure_pursuit2_0.73_0.95_centerline_0.3_0.5": {"mean": 17.018224614366133, "std": 8.883338135081457}, "pure_pursuit2_0.73_0.95_raceline4_0.3_0.5": {"mean": 17.62582997067038, "std": 8.016361734299174}, "pure_pursuit2_0.7_0.9_raceline8_0.3_0.5": {"mean": 16.01390230661376, "std": 9.152873038082372}, "pure_pursuit2_0.8_0.95_raceline3_0.3_0.5": {"mean": 19.422673194870782, "std": 9.88079156364984}, "pure_pursuit2_0.8_1.25_raceline8_0.3_0.5": {"mean": 16.772897163616033, "std": 8.404885974442884}}