{"spearman_corr": 0.788235294117647, "p_value": 0.0002864656823918493, "abs": 17.035224919996146, "abs_std": 6.324633579642833}