{"spearman_corr": 0.4441176470588235, "p_value": 0.08482274417741585, "abs": 11.133109140390047, "abs_std": 7.4703042071238155}