{"StochasticContinousFTGAgent_0.5_2_0.7_0.03_0.1_5.0_0.3_0.5": {"mean": 37.46212992410003, "std": 12.71058440235209}, "StochasticContinousFTGAgent_0.6_2_0.8_0.03_0.1_5.0_0.3_0.5": {"mean": 27.386928317006483, "std": 10.576238202722243}, "StochasticContinousFTGAgent_0.8_2_0.7_0.03_0.1_5.0_0.3_0.5": {"mean": 22.65286610997444, "std": 12.37997905820355}, "StochasticContinousFTGAgent_1.0_1_0.2_0.03_0.1_5.0_0.3_0.5": {"mean": 22.81543352670143, "std": 5.025067904999748}, "pure_pursuit2_0.44_0.3_raceline1_0.3_0.5": {"mean": 12.689781078218603, "std": 5.488087804709803}, "pure_pursuit2_0.44_0.85_raceline1_0.3_0.5": {"mean": 18.58686995415742, "std": 3.5365080302386227}, "pure_pursuit2_0.4_0.3_raceline4_0.3_0.5": {"mean": 11.568969843320067, "std": 5.498632556274222}, "pure_pursuit2_0.52_0.9_raceline4_0.3_0.5": {"mean": 18.693410251786418, "std": 4.281137669749803}, "pure_pursuit2_0.65_1.2_centerline_0.3_0.5": {"mean": 22.166987707130144, "std": 9.18972329907898}, "pure_pursuit2_0.68_1.1_raceline8_0.3_0.5": {"mean": 30.46201704449037, "std": 6.066635294059796}, "pure_pursuit2_0.6_1.0_raceline2_0.3_0.5": {"mean": 21.67729422019599, "std": 5.472325042032634}, "pure_pursuit2_0.73_0.95_centerline_0.3_0.5": {"mean": 21.429906880254517, "std": 8.586210953473948}, "pure_pursuit2_0.73_0.95_raceline4_0.3_0.5": {"mean": 20.543790376150334, "std": 6.80050533504674}, "pure_pursuit2_0.7_0.9_raceline8_0.3_0.5": {"mean": 22.062578745417678, "std": 12.011604869355484}, "pure_pursuit2_0.8_0.95_raceline3_0.3_0.5": {"mean": 22.745140015419025, "std": 10.96061960935803}, "pure_pursuit2_0.8_1.25_raceline8_0.3_0.5": {"mean": 33.218238524860865, "std": 7.703304438603887}}