{"StochasticContinousFTGAgent_0.5_2_0.7_0.03_0.1_5.0_0.3_0.5": {"mean": 38.80132541003056, "std": 16.181420092198625}, "StochasticContinousFTGAgent_0.6_2_0.8_0.03_0.1_5.0_0.3_0.5": {"mean": 47.67651430764879, "std": 15.596577552992267}, "StochasticContinousFTGAgent_0.8_2_0.7_0.03_0.1_5.0_0.3_0.5": {"mean": 37.496046784261935, "std": 13.106954326038558}, "StochasticContinousFTGAgent_1.0_1_0.2_0.03_0.1_5.0_0.3_0.5": {"mean": 25.840048332391643, "std": 7.072574116789158}, "pure_pursuit2_0.44_0.3_raceline1_0.3_0.5": {"mean": 21.45780064888808, "std": 6.70601329957249}, "pure_pursuit2_0.44_0.85_raceline1_0.3_0.5": {"mean": 29.30825271888812, "std": 5.86106997041982}, "pure_pursuit2_0.4_0.3_raceline4_0.3_0.5": {"mean": 13.158249131420625, "std": 5.799371842331175}, "pure_pursuit2_0.52_0.9_raceline4_0.3_0.5": {"mean": 28.23185389225793, "std": 7.005931215308752}, "pure_pursuit2_0.65_1.2_centerline_0.3_0.5": {"mean": 26.535534033474875, "std": 10.587181925121932}, "pure_pursuit2_0.68_1.1_raceline8_0.3_0.5": {"mean": 34.88767070952827, "std": 6.738564776546951}, "pure_pursuit2_0.6_1.0_raceline2_0.3_0.5": {"mean": 31.887179918311908, "std": 7.870070122502002}, "pure_pursuit2_0.73_0.95_centerline_0.3_0.5": {"mean": 29.2492356767207, "std": 10.927375810523145}, "pure_pursuit2_0.73_0.95_raceline4_0.3_0.5": {"mean": 39.91140065366617, "std": 2.434219292400769}, "pure_pursuit2_0.7_0.9_raceline8_0.3_0.5": {"mean": 23.28348122925648, "std": 15.061514502218593}, "pure_pursuit2_0.8_0.95_raceline3_0.3_0.5": {"mean": 30.83895322110139, "std": 11.435559303765139}, "pure_pursuit2_0.8_1.25_raceline8_0.3_0.5": {"mean": 20.9717325141688, "std": 11.455346190865308}}