{"spearman_corr": 0.9029411764705882, "p_value": 1.677724370594156e-06, "abs": 4.047300598963019, "abs_std": 3.0729903120825144}