{"StochasticContinousFTGAgent_0.5_2_0.7_0.03_0.1_5.0_0.3_0.5": {"mean": 54.70984248842413, "std": 9.815884085508907}, "StochasticContinousFTGAgent_0.6_2_0.8_0.03_0.1_5.0_0.3_0.5": {"mean": 50.53848432861918, "std": 4.292202141568453}, "StochasticContinousFTGAgent_0.8_2_0.7_0.03_0.1_5.0_0.3_0.5": {"mean": 31.82408148350913, "std": 7.256459813604068}, "StochasticContinousFTGAgent_1.0_1_0.2_0.03_0.1_5.0_0.3_0.5": {"mean": 31.245408098764887, "std": 4.537094849449519}, "pure_pursuit2_0.44_0.3_raceline1_0.3_0.5": {"mean": 31.071650354411414, "std": 19.251924128485978}, "pure_pursuit2_0.44_0.85_raceline1_0.3_0.5": {"mean": 25.193120227221257, "std": 8.044189637171861}, "pure_pursuit2_0.4_0.3_raceline4_0.3_0.5": {"mean": 15.565121164979955, "std": 7.232001077323825}, "pure_pursuit2_0.52_0.9_raceline4_0.3_0.5": {"mean": 25.770495054322396, "std": 7.517962952106339}, "pure_pursuit2_0.65_1.2_centerline_0.3_0.5": {"mean": 32.70470512218874, "std": 4.616117967042925}, "pure_pursuit2_0.68_1.1_raceline8_0.3_0.5": {"mean": 25.548817030046994, "std": 7.959431622601275}, "pure_pursuit2_0.6_1.0_raceline2_0.3_0.5": {"mean": 30.702258608310636, "std": 5.272242711707105}, "pure_pursuit2_0.73_0.95_centerline_0.3_0.5": {"mean": 37.3822872602533, "std": 4.002155097042269}, "pure_pursuit2_0.73_0.95_raceline4_0.3_0.5": {"mean": 38.35092257026444, "std": 4.10830793533824}, "pure_pursuit2_0.7_0.9_raceline8_0.3_0.5": {"mean": 24.411269189360628, "std": 9.447283207180277}, "pure_pursuit2_0.8_0.95_raceline3_0.3_0.5": {"mean": 42.565454769037494, "std": 10.399080491662273}, "pure_pursuit2_0.8_1.25_raceline8_0.3_0.5": {"mean": 33.28391071272569, "std": 8.629124227888699}}