{"spearman_corr": 0.7235294117647059, "p_value": 0.001534481189823956, "abs": 0.8390162689365193, "abs_std": 5.683273756370072}