{"spearman_corr": 0.8529411764705882, "p_value": 2.6790740577247285e-05, "abs": 7.610451767754377, "abs_std": 5.503492730413723}