{"StochasticContinousFTGAgent_0.5_2_0.7_0.03_0.1_5.0_0.3_0.5": {"mean": 34.072751689022205, "std": 15.044648902060231}, "StochasticContinousFTGAgent_0.6_2_0.8_0.03_0.1_5.0_0.3_0.5": {"mean": 37.142874855306815, "std": 8.57883945531015}, "StochasticContinousFTGAgent_0.8_2_0.7_0.03_0.1_5.0_0.3_0.5": {"mean": 26.30134690974573, "std": 9.552139168468011}, "StochasticContinousFTGAgent_1.0_1_0.2_0.03_0.1_5.0_0.3_0.5": {"mean": 22.404121404503964, "std": 8.099411043069656}, "pure_pursuit2_0.44_0.3_raceline1_0.3_0.5": {"mean": 19.824015249590627, "std": 4.824360228216979}, "pure_pursuit2_0.44_0.85_raceline1_0.3_0.5": {"mean": 23.750667166977205, "std": 6.422975116911542}, "pure_pursuit2_0.4_0.3_raceline4_0.3_0.5": {"mean": 11.711489086801928, "std": 5.508113051507457}, "pure_pursuit2_0.52_0.9_raceline4_0.3_0.5": {"mean": 24.80089962174171, "std": 8.234535658390106}, "pure_pursuit2_0.65_1.2_centerline_0.3_0.5": {"mean": 29.905469392820414, "std": 8.894608094686623}, "pure_pursuit2_0.68_1.1_raceline8_0.3_0.5": {"mean": 28.19668646693451, "std": 9.93607733160453}, "pure_pursuit2_0.6_1.0_raceline2_0.3_0.5": {"mean": 28.283245082752092, "std": 8.351982576581115}, "pure_pursuit2_0.73_0.95_centerline_0.3_0.5": {"mean": 33.755377787978716, "std": 10.648982306360546}, "pure_pursuit2_0.73_0.95_raceline4_0.3_0.5": {"mean": 30.992186873788732, "std": 9.62004368173321}, "pure_pursuit2_0.7_0.9_raceline8_0.3_0.5": {"mean": 13.003428482043532, "std": 6.429078794727392}, "pure_pursuit2_0.8_0.95_raceline3_0.3_0.5": {"mean": 30.58278726801136, "std": 10.184989630390644}, "pure_pursuit2_0.8_1.25_raceline8_0.3_0.5": {"mean": 27.797513143335006, "std": 9.996257080557175}}