{"spearman_corr": 0.75, "p_value": 0.0008197640272555872, "abs": 18.237859744180753, "abs_std": 6.812446147137797}