{"StochasticContinousFTGAgent_0.5_2_0.7_0.03_0.1_5.0_0.3_0.5": {"mean": 19.038619560376052, "std": 9.503944507108198}, "StochasticContinousFTGAgent_0.6_2_0.8_0.03_0.1_5.0_0.3_0.5": {"mean": 20.314326373284022, "std": 11.205207174477815}, "StochasticContinousFTGAgent_0.8_2_0.7_0.03_0.1_5.0_0.3_0.5": {"mean": 15.326805791571267, "std": 12.005219535066358}, "StochasticContinousFTGAgent_1.0_1_0.2_0.03_0.1_5.0_0.3_0.5": {"mean": 13.067801807872303, "std": 7.7714056550547905}, "pure_pursuit2_0.44_0.3_raceline1_0.3_0.5": {"mean": 10.519065081821978, "std": 9.118004392575244}, "pure_pursuit2_0.44_0.85_raceline1_0.3_0.5": {"mean": 14.815716930831872, "std": 10.478602703636247}, "pure_pursuit2_0.4_0.3_raceline4_0.3_0.5": {"mean": 11.137412679317883, "std": 6.924243048664563}, "pure_pursuit2_0.52_0.9_raceline4_0.3_0.5": {"mean": 15.11442510933604, "std": 8.44253397155663}, "pure_pursuit2_0.65_1.2_centerline_0.3_0.5": {"mean": 19.822790910764276, "std": 13.189953781324919}, "pure_pursuit2_0.68_1.1_raceline8_0.3_0.5": {"mean": 19.80102036008425, "std": 11.686067767816724}, "pure_pursuit2_0.6_1.0_raceline2_0.3_0.5": {"mean": 13.665567356559173, "std": 8.361854506377114}, "pure_pursuit2_0.73_0.95_centerline_0.3_0.5": {"mean": 18.553119407435382, "std": 6.8963966114277815}, "pure_pursuit2_0.73_0.95_raceline4_0.3_0.5": {"mean": 15.216847401073997, "std": 7.791605670292473}, "pure_pursuit2_0.7_0.9_raceline8_0.3_0.5": {"mean": 11.763307763634103, "std": 7.309091542158144}, "pure_pursuit2_0.8_0.95_raceline3_0.3_0.5": {"mean": 17.920411857008975, "std": 11.601139594420617}, "pure_pursuit2_0.8_1.25_raceline8_0.3_0.5": {"mean": 16.40909446756093, "std": 6.461500818756667}}