{"spearman_corr": 0.7529411764705882, "p_value": 0.0007610810731946071, "abs": 6.837640282543992, "abs_std": 5.048298812232019}