{"StochasticContinousFTGAgent_0.5_2_0.7_0.03_0.1_5.0_0.3_0.5": {"mean": 33.591579968476246, "std": 14.12088009062382}, "StochasticContinousFTGAgent_0.6_2_0.8_0.03_0.1_5.0_0.3_0.5": {"mean": 40.349091858030725, "std": 13.217074987596115}, "StochasticContinousFTGAgent_0.8_2_0.7_0.03_0.1_5.0_0.3_0.5": {"mean": 35.423128578266144, "std": 12.879248758342934}, "StochasticContinousFTGAgent_1.0_1_0.2_0.03_0.1_5.0_0.3_0.5": {"mean": 27.336070637912577, "std": 6.614775643637878}, "pure_pursuit2_0.44_0.3_raceline1_0.3_0.5": {"mean": 23.87905194281027, "std": 6.221187375157589}, "pure_pursuit2_0.44_0.85_raceline1_0.3_0.5": {"mean": 30.586683285178733, "std": 3.8454490338640803}, "pure_pursuit2_0.4_0.3_raceline4_0.3_0.5": {"mean": 12.771580922943217, "std": 5.859338722907471}, "pure_pursuit2_0.52_0.9_raceline4_0.3_0.5": {"mean": 26.228604198901877, "std": 9.2250155860508}, "pure_pursuit2_0.65_1.2_centerline_0.3_0.5": {"mean": 19.091934910780015, "std": 7.908105162861587}, "pure_pursuit2_0.68_1.1_raceline8_0.3_0.5": {"mean": 28.246217222661375, "std": 10.743848243779368}, "pure_pursuit2_0.6_1.0_raceline2_0.3_0.5": {"mean": 26.284245333677482, "std": 7.869704508851206}, "pure_pursuit2_0.73_0.95_centerline_0.3_0.5": {"mean": 26.698202226285666, "std": 10.464714501338113}, "pure_pursuit2_0.73_0.95_raceline4_0.3_0.5": {"mean": 28.43946105553604, "std": 10.29262647182315}, "pure_pursuit2_0.7_0.9_raceline8_0.3_0.5": {"mean": 22.419064245074242, "std": 13.998438995905728}, "pure_pursuit2_0.8_0.95_raceline3_0.3_0.5": {"mean": 29.54377408519101, "std": 10.485503695917433}, "pure_pursuit2_0.8_1.25_raceline8_0.3_0.5": {"mean": 24.001153772995075, "std": 9.04591608521735}}