{"spearman_corr": 0.9088235294117648, "p_value": 1.1005852200187752e-06, "abs": 6.048306894912771, "abs_std": 3.3725086286943875}