{"StochasticContinousFTGAgent_0.5_2_0.7_0.03_0.1_5.0_0.3_0.5": {"mean": 40.583290331172876, "std": 18.151023735763314}, "StochasticContinousFTGAgent_0.6_2_0.8_0.03_0.1_5.0_0.3_0.5": {"mean": 48.91727913575826, "std": 15.445223098312843}, "StochasticContinousFTGAgent_0.8_2_0.7_0.03_0.1_5.0_0.3_0.5": {"mean": 38.216369623099354, "std": 15.792594032075572}, "StochasticContinousFTGAgent_1.0_1_0.2_0.03_0.1_5.0_0.3_0.5": {"mean": 26.270623923719498, "std": 7.686623722604436}, "pure_pursuit2_0.44_0.3_raceline1_0.3_0.5": {"mean": 17.97928942382593, "std": 6.139415287622408}, "pure_pursuit2_0.44_0.85_raceline1_0.3_0.5": {"mean": 27.24582387653131, "std": 9.225535999567306}, "pure_pursuit2_0.4_0.3_raceline4_0.3_0.5": {"mean": 11.287789662472598, "std": 4.516744028055549}, "pure_pursuit2_0.52_0.9_raceline4_0.3_0.5": {"mean": 23.118905893788934, "std": 8.252858278164773}, "pure_pursuit2_0.65_1.2_centerline_0.3_0.5": {"mean": 26.360058785184428, "std": 11.445174057877853}, "pure_pursuit2_0.68_1.1_raceline8_0.3_0.5": {"mean": 33.47160254523544, "std": 10.691505102834844}, "pure_pursuit2_0.6_1.0_raceline2_0.3_0.5": {"mean": 28.364336272429785, "std": 8.569149690460184}, "pure_pursuit2_0.73_0.95_centerline_0.3_0.5": {"mean": 27.728382647775216, "std": 11.656852009570574}, "pure_pursuit2_0.73_0.95_raceline4_0.3_0.5": {"mean": 30.15908345504824, "std": 9.587180806629242}, "pure_pursuit2_0.7_0.9_raceline8_0.3_0.5": {"mean": 19.699036276668405, "std": 12.829939699792167}, "pure_pursuit2_0.8_0.95_raceline3_0.3_0.5": {"mean": 27.368831618157596, "std": 12.279016546971796}, "pure_pursuit2_0.8_1.25_raceline8_0.3_0.5": {"mean": 20.748474975952384, "std": 9.449959217781963}}