{"StochasticContinousFTGAgent_0.5_2_0.7_0.03_0.1_5.0_0.3_0.5": {"mean": 16.51606657015921, "std": 12.634268654371771}, "StochasticContinousFTGAgent_0.6_2_0.8_0.03_0.1_5.0_0.3_0.5": {"mean": 14.71269862036109, "std": 10.564672029929794}, "StochasticContinousFTGAgent_0.8_2_0.7_0.03_0.1_5.0_0.3_0.5": {"mean": 11.688603630790007, "std": 8.648255963897714}, "StochasticContinousFTGAgent_1.0_1_0.2_0.03_0.1_5.0_0.3_0.5": {"mean": 19.058880329404015, "std": 8.328614473158071}, "pure_pursuit2_0.44_0.3_raceline1_0.3_0.5": {"mean": 14.869184123540549, "std": 9.007262613032124}, "pure_pursuit2_0.44_0.85_raceline1_0.3_0.5": {"mean": 18.512692594919766, "std": 8.192544020104576}, "pure_pursuit2_0.4_0.3_raceline4_0.3_0.5": {"mean": 12.93304478430257, "std": 7.0132285906426794}, "pure_pursuit2_0.52_0.9_raceline4_0.3_0.5": {"mean": 17.53093334278771, "std": 7.257842406949502}, "pure_pursuit2_0.65_1.2_centerline_0.3_0.5": {"mean": 21.19618723038114, "std": 11.458154072387618}, "pure_pursuit2_0.68_1.1_raceline8_0.3_0.5": {"mean": 18.6066905087193, "std": 12.761476994477036}, "pure_pursuit2_0.6_1.0_raceline2_0.3_0.5": {"mean": 22.818047136057093, "std": 12.187694391091703}, "pure_pursuit2_0.73_0.95_centerline_0.3_0.5": {"mean": 25.828162424985475, "std": 12.453262519717635}, "pure_pursuit2_0.73_0.95_raceline4_0.3_0.5": {"mean": 20.643729000598693, "std": 11.426508611615194}, "pure_pursuit2_0.7_0.9_raceline8_0.3_0.5": {"mean": 22.02926596067773, "std": 21.43949135976557}, "pure_pursuit2_0.8_0.95_raceline3_0.3_0.5": {"mean": 22.630652721917567, "std": 12.170803362959433}, "pure_pursuit2_0.8_1.25_raceline8_0.3_0.5": {"mean": 18.273300183203872, "std": 13.005930194777235}}