{"spearman_corr": 0.044117647058823525, "p_value": 0.8711220048065985, "abs": 15.402746850163673, "abs_std": 9.288879293935578}