{"StochasticContinousFTGAgent_0.5_2_0.7_0.03_0.1_5.0_0.3_0.5": {"mean": 16.346212530961648, "std": 14.69557512223545}, "StochasticContinousFTGAgent_0.6_2_0.8_0.03_0.1_5.0_0.3_0.5": {"mean": 17.406596163903128, "std": 13.891906117518447}, "StochasticContinousFTGAgent_0.8_2_0.7_0.03_0.1_5.0_0.3_0.5": {"mean": 11.53818973549233, "std": 9.030716073992433}, "StochasticContinousFTGAgent_1.0_1_0.2_0.03_0.1_5.0_0.3_0.5": {"mean": 13.349181684858927, "std": 9.905248621133428}, "pure_pursuit2_0.44_0.3_raceline1_0.3_0.5": {"mean": 9.217763068121865, "std": 10.357001087589326}, "pure_pursuit2_0.44_0.85_raceline1_0.3_0.5": {"mean": 15.168921266509187, "std": 18.967171665358126}, "pure_pursuit2_0.4_0.3_raceline4_0.3_0.5": {"mean": 4.899656542808382, "std": 8.532659134472244}, "pure_pursuit2_0.52_0.9_raceline4_0.3_0.5": {"mean": 13.764927180574723, "std": 10.71568797856217}, "pure_pursuit2_0.65_1.2_centerline_0.3_0.5": {"mean": 13.240525843549682, "std": 10.102752375835065}, "pure_pursuit2_0.68_1.1_raceline8_0.3_0.5": {"mean": 14.757529166369801, "std": 10.042658331546127}, "pure_pursuit2_0.6_1.0_raceline2_0.3_0.5": {"mean": 16.195843418928433, "std": 12.657885211315374}, "pure_pursuit2_0.73_0.95_centerline_0.3_0.5": {"mean": 17.340817549975934, "std": 14.262399881382066}, "pure_pursuit2_0.73_0.95_raceline4_0.3_0.5": {"mean": 13.309070994502427, "std": 11.011167234389843}, "pure_pursuit2_0.7_0.9_raceline8_0.3_0.5": {"mean": 12.05102752598545, "std": 8.085099962255995}, "pure_pursuit2_0.8_0.95_raceline3_0.3_0.5": {"mean": 20.740954280280267, "std": 12.660281520448223}, "pure_pursuit2_0.8_1.25_raceline8_0.3_0.5": {"mean": 17.96566171292807, "std": 12.028476823889818}}