{"spearman_corr": 0.39999999999999997, "p_value": 0.12475042359840012, "abs": 19.812450631229645, "abs_std": 7.339646175905623}