{"StochasticContinousFTGAgent_0.5_2_0.7_0.03_0.1_5.0_0.3_0.5": {"mean": 35.93408626890093, "std": 16.65681861896533}, "StochasticContinousFTGAgent_0.6_2_0.8_0.03_0.1_5.0_0.3_0.5": {"mean": 33.91234997111894, "std": 14.006379560941753}, "StochasticContinousFTGAgent_0.8_2_0.7_0.03_0.1_5.0_0.3_0.5": {"mean": 25.813421148255447, "std": 12.180895282110692}, "StochasticContinousFTGAgent_1.0_1_0.2_0.03_0.1_5.0_0.3_0.5": {"mean": 22.660616961218295, "std": 8.562007143843143}, "pure_pursuit2_0.44_0.3_raceline1_0.3_0.5": {"mean": 22.63699836115906, "std": 8.79500014911562}, "pure_pursuit2_0.44_0.85_raceline1_0.3_0.5": {"mean": 24.957973924044236, "std": 7.770545078948196}, "pure_pursuit2_0.4_0.3_raceline4_0.3_0.5": {"mean": 13.25944355314858, "std": 7.75808904919613}, "pure_pursuit2_0.52_0.9_raceline4_0.3_0.5": {"mean": 21.79380057216041, "std": 7.118514551791205}, "pure_pursuit2_0.65_1.2_centerline_0.3_0.5": {"mean": 24.60812799953659, "std": 9.91122500448155}, "pure_pursuit2_0.68_1.1_raceline8_0.3_0.5": {"mean": 22.38423472802296, "std": 9.204858803977778}, "pure_pursuit2_0.6_1.0_raceline2_0.3_0.5": {"mean": 24.170481987274776, "std": 9.53523025627342}, "pure_pursuit2_0.73_0.95_centerline_0.3_0.5": {"mean": 25.095398729228314, "std": 10.460972768018005}, "pure_pursuit2_0.73_0.95_raceline4_0.3_0.5": {"mean": 27.012600863624385, "std": 10.077385352361027}, "pure_pursuit2_0.7_0.9_raceline8_0.3_0.5": {"mean": 13.967765467765714, "std": 7.716534064754561}, "pure_pursuit2_0.8_0.95_raceline3_0.3_0.5": {"mean": 25.56764740354331, "std": 10.986784489664174}, "pure_pursuit2_0.8_1.25_raceline8_0.3_0.5": {"mean": 24.844413582454912, "std": 9.14309377362657}}