{"spearman_corr": 0.8176470588235294, "p_value": 0.00010936308081986549, "abs": 9.729545452747981, "abs_std": 5.348667344828316}