{"spearman_corr": 0.4823529411764706, "p_value": 0.058458976774719576, "abs": 9.89219390328438, "abs_std": 7.850386650574239}