{"StochasticContinousFTGAgent_0.5_2_0.7_0.03_0.1_5.0_0.3_0.5": {"mean": 26.178188212987052, "std": 19.961083335391038}, "StochasticContinousFTGAgent_0.6_2_0.8_0.03_0.1_5.0_0.3_0.5": {"mean": 25.004235958150485, "std": 9.40484543669178}, "StochasticContinousFTGAgent_0.8_2_0.7_0.03_0.1_5.0_0.3_0.5": {"mean": 28.12416016296153, "std": 15.029650519701452}, "StochasticContinousFTGAgent_1.0_1_0.2_0.03_0.1_5.0_0.3_0.5": {"mean": 20.328913462181433, "std": 9.540757430223577}, "pure_pursuit2_0.44_0.3_raceline1_0.3_0.5": {"mean": 24.1818228665252, "std": 8.893025123268934}, "pure_pursuit2_0.44_0.85_raceline1_0.3_0.5": {"mean": 25.434479993669097, "std": 8.086267968097712}, "pure_pursuit2_0.4_0.3_raceline4_0.3_0.5": {"mean": 16.40195266132222, "std": 8.531633345276177}, "pure_pursuit2_0.52_0.9_raceline4_0.3_0.5": {"mean": 26.366389881200035, "std": 8.103278099675514}, "pure_pursuit2_0.65_1.2_centerline_0.3_0.5": {"mean": 26.30811146779234, "std": 9.144735507193799}, "pure_pursuit2_0.68_1.1_raceline8_0.3_0.5": {"mean": 18.109561396619497, "std": 7.981315938772274}, "pure_pursuit2_0.6_1.0_raceline2_0.3_0.5": {"mean": 27.40869709532389, "std": 9.232058601330252}, "pure_pursuit2_0.73_0.95_centerline_0.3_0.5": {"mean": 27.97815292814453, "std": 8.952032264631491}, "pure_pursuit2_0.73_0.95_raceline4_0.3_0.5": {"mean": 23.711086329210318, "std": 5.516956535829973}, "pure_pursuit2_0.7_0.9_raceline8_0.3_0.5": {"mean": 16.308051980896693, "std": 8.439359084215827}, "pure_pursuit2_0.8_0.95_raceline3_0.3_0.5": {"mean": 28.071465000482913, "std": 9.177208929943369}, "pure_pursuit2_0.8_1.25_raceline8_0.3_0.5": {"mean": 26.10171691540726, "std": 8.156100435226389}}