{"StochasticContinousFTGAgent_0.5_2_0.7_0.03_0.1_5.0_0.3_0.5": {"mean": 42.62368460792904, "std": 15.237152661422966}, "StochasticContinousFTGAgent_0.6_2_0.8_0.03_0.1_5.0_0.3_0.5": {"mean": 48.36561422283899, "std": 12.728916589875997}, "StochasticContinousFTGAgent_0.8_2_0.7_0.03_0.1_5.0_0.3_0.5": {"mean": 40.35972138906495, "std": 11.310971428953208}, "StochasticContinousFTGAgent_1.0_1_0.2_0.03_0.1_5.0_0.3_0.5": {"mean": 32.026998706216006, "std": 2.659464474151846}, "pure_pursuit2_0.44_0.3_raceline1_0.3_0.5": {"mean": 22.633038876951986, "std": 5.022202296853988}, "pure_pursuit2_0.44_0.85_raceline1_0.3_0.5": {"mean": 30.971576068650716, "std": 6.347599383999277}, "pure_pursuit2_0.4_0.3_raceline4_0.3_0.5": {"mean": 11.725237557120828, "std": 3.9235307605423686}, "pure_pursuit2_0.52_0.9_raceline4_0.3_0.5": {"mean": 30.759392386779524, "std": 7.394653349762929}, "pure_pursuit2_0.65_1.2_centerline_0.3_0.5": {"mean": 26.830651474137344, "std": 10.931138081386088}, "pure_pursuit2_0.68_1.1_raceline8_0.3_0.5": {"mean": 31.168404044390417, "std": 9.784097581728894}, "pure_pursuit2_0.6_1.0_raceline2_0.3_0.5": {"mean": 35.533465746265875, "std": 2.261598112281839}, "pure_pursuit2_0.73_0.95_centerline_0.3_0.5": {"mean": 30.929879116362372, "std": 11.387172149016395}, "pure_pursuit2_0.73_0.95_raceline4_0.3_0.5": {"mean": 41.387860765447876, "std": 2.3288096974387225}, "pure_pursuit2_0.7_0.9_raceline8_0.3_0.5": {"mean": 15.497586574174493, "std": 10.26305929804282}, "pure_pursuit2_0.8_0.95_raceline3_0.3_0.5": {"mean": 34.802650668738565, "std": 11.629174616319363}, "pure_pursuit2_0.8_1.25_raceline8_0.3_0.5": {"mean": 24.122695508522863, "std": 11.274589453506366}}