{"spearman_corr": 0.8352941176470589, "p_value": 5.637132062814415e-05, "abs": 2.7846019407395453, "abs_std": 4.63061200601247}