{"StochasticContinousFTGAgent_0.5_2_0.7_0.03_0.1_5.0_0.3_0.5": {"mean": 22.313211090249514, "std": 12.49563928236499}, "StochasticContinousFTGAgent_0.6_2_0.8_0.03_0.1_5.0_0.3_0.5": {"mean": 22.89092477473875, "std": 12.819782898815836}, "StochasticContinousFTGAgent_0.8_2_0.7_0.03_0.1_5.0_0.3_0.5": {"mean": 18.585209647349664, "std": 13.230869891691206}, "StochasticContinousFTGAgent_1.0_1_0.2_0.03_0.1_5.0_0.3_0.5": {"mean": 10.732639583244378, "std": 7.5560701090155}, "pure_pursuit2_0.44_0.3_raceline1_0.3_0.5": {"mean": 10.50947733778161, "std": 5.831516055682961}, "pure_pursuit2_0.44_0.85_raceline1_0.3_0.5": {"mean": 9.895504404940654, "std": 9.441065121317266}, "pure_pursuit2_0.4_0.3_raceline4_0.3_0.5": {"mean": 18.26351668225228, "std": 39.29928891687317}, "pure_pursuit2_0.52_0.9_raceline4_0.3_0.5": {"mean": 14.957588889267061, "std": 7.551159369508709}, "pure_pursuit2_0.65_1.2_centerline_0.3_0.5": {"mean": 11.75121243071632, "std": 6.572766912524819}, "pure_pursuit2_0.68_1.1_raceline8_0.3_0.5": {"mean": 11.34624346841216, "std": 5.143639280007526}, "pure_pursuit2_0.6_1.0_raceline2_0.3_0.5": {"mean": 20.759891598574182, "std": 7.425542119397729}, "pure_pursuit2_0.73_0.95_centerline_0.3_0.5": {"mean": 19.956308474406267, "std": 7.343250568877278}, "pure_pursuit2_0.73_0.95_raceline4_0.3_0.5": {"mean": 16.539303797361864, "std": 8.204665800733059}, "pure_pursuit2_0.7_0.9_raceline8_0.3_0.5": {"mean": 17.909132075077117, "std": 15.773581556684883}, "pure_pursuit2_0.8_0.95_raceline3_0.3_0.5": {"mean": 23.783847677807618, "std": 9.770496704430228}, "pure_pursuit2_0.8_1.25_raceline8_0.3_0.5": {"mean": 12.571876390635323, "std": 7.673758756605024}}