{"spearman_corr": 0.6176470588235293, "p_value": 0.010787984601948835, "abs": 17.595387527663114, "abs_std": 7.066757183936258}