{"pure_pursuit2_0.6_1.0_raceline2_0.3_0.5": {"mean": 32.67918195035428, "std": 4.128910006872187}, "pure_pursuit2_0.7_0.9_raceline8_0.3_0.5": {"mean": 31.001789329942312, "std": 12.68748562654618}, "pure_pursuit2_0.8_0.95_raceline3_0.3_0.5": {"mean": 38.69505801528546, "std": 6.827767011563122}, "pure_pursuit2_0.8_1.25_raceline8_0.3_0.5": {"mean": 23.28730771395907, "std": 8.458249786438035}, "pure_pursuit2_0.44_0.85_raceline1_0.3_0.5": {"mean": 31.32297881055508, "std": 2.393027871914684}, "pure_pursuit2_0.52_0.9_raceline4_0.3_0.5": {"mean": 32.31814865585542, "std": 2.45701412255248}, "pure_pursuit2_0.65_1.2_centerline_0.3_0.5": {"mean": 35.03740748074433, "std": 5.269862286870407}, "pure_pursuit2_0.68_1.1_raceline8_0.3_0.5": {"mean": 34.34302660682274, "std": 8.085473899199984}, "pure_pursuit2_0.73_0.95_centerline_0.3_0.5": {"mean": 35.15888016719798, "std": 8.544395776667784}, "pure_pursuit2_0.73_0.95_raceline4_0.3_0.5": {"mean": 40.16282127035042, "std": 2.8297589970393}, "StochasticContinousFTGAgent_0.5_2_0.7_0.03_0.1_5.0_0.3_0.5": {"mean": 48.75585720279538, "std": 15.292472517223457}, "StochasticContinousFTGAgent_0.6_2_0.8_0.03_0.1_5.0_0.3_0.5": {"mean": 51.93004128055213, "std": 13.821339906419958}, "StochasticContinousFTGAgent_0.8_2_0.7_0.03_0.1_5.0_0.3_0.5": {"mean": 40.42368571622774, "std": 13.780782687806099}, "StochasticContinousFTGAgent_1.0_1_0.2_0.03_0.1_5.0_0.3_0.5": {"mean": 28.367599694894142, "std": 8.858036468821558}, "pure_pursuit2_0.4_0.3_raceline4_0.3_0.5": {"mean": 18.02404465466595, "std": 6.915453587286639}, "pure_pursuit2_0.44_0.3_raceline1_0.3_0.5": {"mean": 22.784260215222147, "std": 6.949958747843583}}